Entity,Scenario,Year,Energy-BBOE,Carbon-emissions-Btons,Population-M,Extrene-poverty-M,Population-raw,Primary-energy-raw
World,Observations,1960,,4.415647605,3035.16018,,3035160180,
World,Observations,1961,,4.432388495,3091.843506,,3091843506,
World,Observations,1962,,4.451640592,3150.420759,,3150420759,
World,Observations,1963,,4.455225629,3211.000941,,3211000941,
World,Observations,1964,,4.519585441,3273.978271,,3273978271,
World,Observations,1965,25.44861215,4.505937014,3339.583509,,3339583509,43247.517
World,Observations,1966,26.82266837,4.58736497,3407.92263,,3407922630,45582.596
World,Observations,1967,27.83238429,4.713665395,3478.770102,,3478770102,47298.513
World,Observations,1968,29.52780932,4.902980054,3551.599432,,3551599432,50179.728
World,Observations,1969,31.52367233,5.049676192,3625.680964,,3625680964,53571.509
World,Observations,1970,33.5096301,5.35244423,3700.685676,,3700685676,56946.457
World,Observations,1971,34.87449958,5.503010661,3775.76003,,3775760030,59265.924
World,Observations,1972,36.76658101,5.703471947,3851.650585,,3851650585,62481.338
World,Observations,1973,38.8835387,5.899879469,3927.780518,,3927780518,66078.908
World,Observations,1974,39.09259119,5.834622378,4003.794178,,4003794178,66434.173
World,Observations,1975,39.30431462,6.069446063,4079.480473,,4079480473,66793.977
World,Observations,1976,41.42810646,6.210217574,4154.666824,,4154666824,70403.161
World,Observations,1977,42.94752585,6.314918428,4229.505917,,4229505917,72985.271
World,Observations,1978,44.45251255,6.358040004,4304.533597,,4304533597,75542.854
World,Observations,1979,46.00389253,6.512820837,4380.50618,,4380506180,78179.278
World,Observations,1980,45.67972391,6.451009771,4458.274952,,4458274952,77628.384
World,Observations,1981,45.46611924,6.370580398,4536.996616,,4536996616,77265.383
World,Observations,1982,45.18871697,6.307163119,4617.386524,,4617386524,76793.964
World,Observations,1983,45.92110417,6.457211031,4699.569184,,4699569184,78038.587
World,Observations,1984,48.12462153,6.7766359,4784.011512,,4784011512,81783.257
World,Observations,1985,49.40092829,6.882877959,4870.921665,,4870921665,83952.22
World,Observations,1986,50.48879623,6.945373195,4960.567998,,4960567998,85800.949
World,Observations,1987,52.25084044,7.06775806,5052.521994,,5052521994,88795.377
World,Observations,1988,54.24712006,7.261298587,5145.425992,,5145425992,92187.866
World,Observations,1989,55.29910487,7.303642888,5237.441433,,5237441433,93975.615
World,Observations,1990,55.93893618,7.38230138,5327.529078,,5327529078,95062.948
World,Observations,1991,56.33160992,7.491863542,5414.289382,,5414289382,95730.26
World,Observations,1992,56.75464134,7.358411803,5498.919891,,5498919891,96449.162
World,Observations,1993,57.14953468,7.395384084,5581.597596,,5581597596,97120.246
World,Observations,1994,57.88097979,7.581741809,5663.150426,,5663150426,98363.268
World,Observations,1995,59.09183425,7.702006928,5744.212929,,5744212929,100421.001
World,Observations,1996,60.82706379,7.913749657,5824.891927,,5824891927,103369.86
World,Observations,1997,61.40502112,8.45283651,5905.045647,,5905045647,104352.044
World,Observations,1998,61.78905832,8.00783003,5984.794072,,5984794072,105004.679
World,Observations,1999,62.90607233,8.076414962,6064.23903,,6064239030,106902.939
World,Observations,2000,64.48335253,8.1254077,6143.776621,"1,718",6143776621,109583.378
World,Observations,2001,65.12941015,8.082960782,6222.912459,"1,687",6222912459,110681.292
World,Observations,2002,66.55632249,8.394464152,6302.06221,"1,631",6302062210,113106.195
World,Observations,2003,68.93549243,8.859192278,6381.477292,"1,586",6381477292,117149.37
World,Observations,2004,72.28516281,9.062179921,6461.454653,"1,488",6461454653,122841.819
World,Observations,2005,74.71192115,9.198332453,6542.20533,"1,378",6542205330,126965.866
World,Observations,2006,76.84772425,9.613404465,6623.819401,"1,352",6623819401,130595.462
World,Observations,2007,79.22205133,9.699873794,6706.251239,"1,288",6706251239,134630.407
World,Observations,2008,80.13067778,9.882182068,6789.39638,"1,259",6789396380,136174.532
World,Observations,2009,78.9190966,9.862522774,6873.077808,"1,221",6873077808,134115.564
World,Observations,2010,82.71266333,10.26805727,6957.137521,"1,123",6957137521,140562.373
World,Observations,2011,84.72099599,10.72587036,7041.509491,981.3,7041509491,143975.345
World,Observations,2012,85.81138834,10.8216471,7126.144677,922.8,7126144677,145828.364
World,Observations,2013,87.43389436,10.80780967,7210.900157,821.5,7210900157,148585.66
World,Observations,2014,88.1435948,10.94381489,7295.610265,782.4,7295610265,149791.729
World,Observations,2015,88.78517673,10.98889523,7380.11787,751.1,7380117870,150882.037
World,Observations,2016,89.99907226,10.68669045,7464.344232,726.2,7464344232,152944.938
World,Observations,2017,91.60424869,10.80475355,7548.182589,713.8,7548182589,155672.784
World,Observations,2018,94.18803545,11.0544974,7631.09111,,7631091110,160063.686
World,Observations,2019,95.4417702,11.06111178,7713.468203,,7713468203,162194.29
World,Observations,2020,,10.37588757,7794.798725,,7794798725,
World,IFs base,2017,88.64,9.306,"7,544",713.8,,
World,IFs base,2018,89.96,9.37,"7,630",700.3,,
World,IFs base,2019,91.5,9.487,"7,716",701.5,,
World,IFs base,2020,92.8,9.597,"7,801",749.5,,
World,IFs base,2021,91.68,9.673,"7,885",753,,
World,IFs base,2022,93.31,9.728,"7,969",745.3,,
World,IFs base,2023,95.37,9.746,"8,051",740.4,,
World,IFs base,2024,97.2,9.78,"8,133",741.6,,
World,IFs base,2025,98.63,9.85,"8,214",741.2,,
World,IFs base,2026,99.99,9.931,"8,293",738.9,,
World,IFs base,2027,101.3,10.04,"8,372",735.1,,
World,IFs base,2028,102.5,10.17,"8,449",728.8,,
World,IFs base,2029,103.8,10.3,"8,525",720.1,,
World,IFs base,2030,105,10.39,"8,600",709.4,,
World,IFs base,2031,106.3,10.43,"8,673",697.5,,
World,IFs base,2032,107.6,10.44,"8,746",684.6,,
World,IFs base,2033,108.9,10.42,"8,817",671.5,,
World,IFs base,2034,110.2,10.4,"8,888",658.3,,
World,IFs base,2035,111.6,10.38,"8,957",644.8,,
World,IFs base,2036,112.9,10.34,"9,026",631.6,,
World,IFs base,2037,114.2,10.33,"9,093",618.2,,
World,IFs base,2038,115.6,10.32,"9,160",604.7,,
World,IFs base,2039,116.9,10.34,"9,225",591.5,,
World,IFs base,2040,118.3,10.37,"9,288",578.3,,
World,IFs base,2041,119.6,10.4,"9,351",565,,
World,IFs base,2042,120.9,10.43,"9,412",551.6,,
World,IFs base,2043,122.2,10.47,"9,472",538.3,,
World,IFs base,2044,123.5,10.48,"9,531",525,,
World,IFs base,2045,124.9,10.45,"9,588",511.4,,
World,IFs base,2046,126.2,10.38,"9,644",497.3,,
World,IFs base,2047,127.6,10.29,"9,698",482.5,,
World,IFs base,2048,129,10.22,"9,751",466.9,,
World,IFs base,2049,130.3,10.13,"9,802",451,,
World,IFs base,2050,131.7,10.05,"9,851",434.8,,
World,IFs base,2051,133.1,9.992,"9,899",418.4,,
World,IFs base,2052,134.5,9.934,"9,945",401.9,,
World,IFs base,2053,135.9,9.887,"9,989",385.5,,
World,IFs base,2054,137.2,9.874,"10,032",369.2,,
World,IFs base,2055,138.6,9.817,"10,073",353.1,,
World,IFs base,2056,139.9,9.758,"10,113",337.1,,
World,IFs base,2057,141.3,9.697,"10,150",321.3,,
World,IFs base,2058,142.8,9.638,"10,186",305.6,,
World,IFs base,2059,144.4,9.563,"10,221",290.2,,
World,IFs base,2060,146,9.462,"10,254",274.7,,
World,IFs base,2061,147.7,9.341,"10,286",259.3,,
World,IFs base,2062,149.4,9.249,"10,316",244.4,,
World,IFs base,2063,151.2,9.169,"10,344",230.1,,
World,IFs base,2064,152.9,9.087,"10,372",216.4,,
World,IFs base,2065,154.6,9.016,"10,397",203.2,,
World,IFs base,2066,156.4,8.943,"10,422",190.6,,
World,IFs base,2067,158.2,8.867,"10,445",178.6,,
World,IFs base,2068,160,8.779,"10,467",167.1,,
World,IFs base,2069,161.9,8.711,"10,488",156.2,,
World,IFs base,2070,163.8,8.65,"10,507",145.7,,
World,IFs base,2071,165.7,8.562,"10,525",135.6,,
World,IFs base,2072,167.7,8.467,"10,542",126.1,,
World,IFs base,2073,169.7,8.379,"10,558",117.3,,
World,IFs base,2074,171.8,8.278,"10,573",109.2,,
World,IFs base,2075,173.9,8.161,"10,587",101.8,,
World,IFs base,2076,175.9,8.032,"10,599",94.96,,
World,IFs base,2077,177.9,7.918,"10,610",88.7,,
World,IFs base,2078,179.9,7.805,"10,621",82.9,,
World,IFs base,2079,182,7.701,"10,630",77.52,,
World,IFs base,2080,184.1,7.575,"10,638",72.57,,
World,IFs base,2081,186.2,7.459,"10,645",68,,
World,IFs base,2082,188.3,7.349,"10,652",63.75,,
World,IFs base,2083,190.5,7.246,"10,657",59.81,,
World,IFs base,2084,192.7,7.146,"10,662",56.18,,
World,IFs base,2085,194.9,7.03,"10,666",52.95,,
World,IFs base,2086,197.2,6.915,"10,669",49.99,,
World,IFs base,2087,199.5,6.803,"10,671",47.21,,
World,IFs base,2088,201.9,6.695,"10,673",44.67,,
World,IFs base,2089,204.3,6.571,"10,674",42.31,,
World,IFs base,2090,206.8,6.445,"10,674",40.13,,
World,IFs base,2091,209.4,6.323,"10,673",38.11,,
World,IFs base,2092,210.6,6.207,"10,672",36.2,,
World,IFs base,2093,211.9,6.092,"10,671",34.43,,
World,IFs base,2094,213.3,5.977,"10,668",32.79,,
World,IFs base,2095,214.7,5.861,"10,666",31.22,,
World,IFs base,2096,216.2,5.747,"10,662",29.73,,
World,IFs base,2097,217.8,5.616,"10,658",28.34,,
World,IFs base,2098,219.4,5.483,"10,653",27.03,,
World,IFs base,2099,221.1,5.357,"10,647",25.79,,
World,IFs base,2100,224.3,5.238,"10,640",24.63,,
World,SSP1,2017,,,"7,544",713.8,,
World,SSP1,2018,,,"7,606",671.3,,
World,SSP1,2019,,,"7,668",608.5,,
World,SSP1,2020,,,"7,727",556.2,,
World,SSP1,2021,,,"7,785",512.5,,
World,SSP1,2022,,,"7,841",475.5,,
World,SSP1,2023,,,"7,896",443.8,,
World,SSP1,2024,,,"7,948",414.3,,
World,SSP1,2025,,,"7,999",385.2,,
World,SSP1,2026,,,"8,047",355.3,,
World,SSP1,2027,,,"8,093",325.4,,
World,SSP1,2028,,,"8,137",296.4,,
World,SSP1,2029,,,"8,180",269,,
World,SSP1,2030,,,"8,221",243.5,,
World,SSP1,2031,,,"8,261",220,,
World,SSP1,2032,,,"8,300",198.5,,
World,SSP1,2033,,,"8,338",179.2,,
World,SSP1,2034,,,"8,374",161.8,,
World,SSP1,2035,,,"8,408",146.4,,
World,SSP1,2036,,,"8,440",132.7,,
World,SSP1,2037,,,"8,471",120.6,,
World,SSP1,2038,,,"8,500",109.7,,
World,SSP1,2039,,,"8,527",99.8,,
World,SSP1,2040,,,"8,552",90.77,,
World,SSP1,2041,,,"8,575",82.58,,
World,SSP1,2042,,,"8,597",75.14,,
World,SSP1,2043,,,"8,616",68.35,,
World,SSP1,2044,,,"8,633",62.18,,
World,SSP1,2045,,,"8,648",56.51,,
World,SSP1,2046,,,"8,661",51.34,,
World,SSP1,2047,,,"8,672",46.67,,
World,SSP1,2048,,,"8,681",42.43,,
World,SSP1,2049,,,"8,688",38.59,,
World,SSP1,2050,,,"8,693",35.1,,
World,SSP1,2051,,,"8,696",31.93,,
World,SSP1,2052,,,"8,698",29.06,,
World,SSP1,2053,,,"8,698",26.45,,
World,SSP1,2054,,,"8,696",24.07,,
World,SSP1,2055,,,"8,693",21.87,,
World,SSP1,2056,,,"8,687",19.87,,
World,SSP1,2057,,,"8,680",18.06,,
World,SSP1,2058,,,"8,672",16.43,,
World,SSP1,2059,,,"8,661",14.96,,
World,SSP1,2060,,,"8,649",13.61,,
World,SSP1,2061,,,"8,636",12.37,,
World,SSP1,2062,,,"8,621",11.26,,
World,SSP1,2063,,,"8,605",10.25,,
World,SSP1,2064,,,"8,586",9.343,,
World,SSP1,2065,,,"8,567",8.533,,
World,SSP1,2066,,,"8,546",7.811,,
World,SSP1,2067,,,"8,524",7.183,,
World,SSP1,2068,,,"8,500",6.624,,
World,SSP1,2069,,,"8,475",6.116,,
World,SSP1,2070,,,"8,448",5.648,,
World,SSP1,2071,,,"8,420",5.212,,
World,SSP1,2072,,,"8,390",4.805,,
World,SSP1,2073,,,"8,360",4.432,,
World,SSP1,2074,,,"8,327",4.092,,
World,SSP1,2075,,,"8,294",3.782,,
World,SSP1,2076,,,"8,259",3.502,,
World,SSP1,2077,,,"8,223",3.246,,
World,SSP1,2078,,,"8,186",3.01,,
World,SSP1,2079,,,"8,147",2.792,,
World,SSP1,2080,,,"8,107",2.588,,
World,SSP1,2081,,,"8,065",2.398,,
World,SSP1,2082,,,"8,022",2.219,,
World,SSP1,2083,,,"7,978",2.05,,
World,SSP1,2084,,,"7,933",1.89,,
World,SSP1,2085,,,"7,887",1.739,,
World,SSP1,2086,,,"7,839",1.597,,
World,SSP1,2087,,,"7,791",1.474,,
World,SSP1,2088,,,"7,741",1.361,,
World,SSP1,2089,,,"7,690",1.253,,
World,SSP1,2090,,,"7,639",1.151,,
World,SSP1,2091,,,"7,586",1.055,,
World,SSP1,2092,,,"7,533",0.964,,
World,SSP1,2093,,,"7,479",0.881,,
World,SSP1,2094,,,"7,423",0.803,,
World,SSP1,2095,,,"7,367",0.731,,
World,SSP1,2096,,,"7,311",0.666,,
World,SSP1,2097,,,"7,253",0.608,,
World,SSP1,2098,,,"7,194",0.557,,
World,SSP1,2099,,,"7,135",0.516,,
World,SSP1,2100,,,"7,075",0.479,,
World,SSP2,2017,,,"7,544",713.8,,
World,SSP2,2018,,,"7,618",675.7,,
World,SSP2,2019,,,"7,691",618.7,,
World,SSP2,2020,,,"7,763",572.3,,
World,SSP2,2021,,,"7,834",535.5,,
World,SSP2,2022,,,"7,904",505.7,,
World,SSP2,2023,,,"7,974",481.4,,
World,SSP2,2024,,,"8,042",460.1,,
World,SSP2,2025,,,"8,108",439.8,,
World,SSP2,2026,,,"8,174",418.8,,
World,SSP2,2027,,,"8,238",397.2,,
World,SSP2,2028,,,"8,301",375.9,,
World,SSP2,2029,,,"8,362",355.6,,
World,SSP2,2030,,,"8,422",336.7,,
World,SSP2,2031,,,"8,481",319.1,,
World,SSP2,2032,,,"8,539",302.6,,
World,SSP2,2033,,,"8,596",287.2,,
World,SSP2,2034,,,"8,651",272.7,,
World,SSP2,2035,,,"8,705",259,,
World,SSP2,2036,,,"8,757",246.2,,
World,SSP2,2037,,,"8,808",234,,
World,SSP2,2038,,,"8,858",222.5,,
World,SSP2,2039,,,"8,906",211.5,,
World,SSP2,2040,,,"8,953",201,,
World,SSP2,2041,,,"8,998",191,,
World,SSP2,2042,,,"9,042",181.2,,
World,SSP2,2043,,,"9,085",171.9,,
World,SSP2,2044,,,"9,126",162.8,,
World,SSP2,2045,,,"9,165",154.1,,
World,SSP2,2046,,,"9,202",145.7,,
World,SSP2,2047,,,"9,238",137.7,,
World,SSP2,2048,,,"9,272",130,,
World,SSP2,2049,,,"9,305",122.5,,
World,SSP2,2050,,,"9,336",115.3,,
World,SSP2,2051,,,"9,365",108.4,,
World,SSP2,2052,,,"9,392",101.8,,
World,SSP2,2053,,,"9,417",95.37,,
World,SSP2,2054,,,"9,441",89.2,,
World,SSP2,2055,,,"9,463",83.27,,
World,SSP2,2056,,,"9,483",77.63,,
World,SSP2,2057,,,"9,501",72.31,,
World,SSP2,2058,,,"9,518",67.28,,
World,SSP2,2059,,,"9,534",62.53,,
World,SSP2,2060,,,"9,547",58.1,,
World,SSP2,2061,,,"9,560",54.01,,
World,SSP2,2062,,,"9,571",50.23,,
World,SSP2,2063,,,"9,580",46.74,,
World,SSP2,2064,,,"9,588",43.49,,
World,SSP2,2065,,,"9,595",40.5,,
World,SSP2,2066,,,"9,601",37.78,,
World,SSP2,2067,,,"9,605",35.31,,
World,SSP2,2068,,,"9,608",33.07,,
World,SSP2,2069,,,"9,610",31.01,,
World,SSP2,2070,,,"9,611",29.12,,
World,SSP2,2071,,,"9,611",27.37,,
World,SSP2,2072,,,"9,609",25.74,,
World,SSP2,2073,,,"9,606",24.19,,
World,SSP2,2074,,,"9,602",22.72,,
World,SSP2,2075,,,"9,596",21.33,,
World,SSP2,2076,,,"9,590",20.01,,
World,SSP2,2077,,,"9,582",18.75,,
World,SSP2,2078,,,"9,573",17.56,,
World,SSP2,2079,,,"9,563",16.43,,
World,SSP2,2080,,,"9,552",15.41,,
World,SSP2,2081,,,"9,540",14.47,,
World,SSP2,2082,,,"9,527",13.59,,
World,SSP2,2083,,,"9,513",12.76,,
World,SSP2,2084,,,"9,498",11.97,,
World,SSP2,2085,,,"9,482",11.22,,
World,SSP2,2086,,,"9,465",10.51,,
World,SSP2,2087,,,"9,448",9.867,,
World,SSP2,2088,,,"9,429",9.277,,
World,SSP2,2089,,,"9,410",8.733,,
World,SSP2,2090,,,"9,391",8.227,,
World,SSP2,2091,,,"9,370",7.765,,
World,SSP2,2092,,,"9,349",7.325,,
World,SSP2,2093,,,"9,327",6.914,,
World,SSP2,2094,,,"9,305",6.525,,
World,SSP2,2095,,,"9,282",6.159,,
World,SSP2,2096,,,"9,259",5.819,,
World,SSP2,2097,,,"9,235",5.515,,
World,SSP2,2098,,,"9,211",5.239,,
World,SSP2,2099,,,"9,186",4.982,,
World,SSP2,2100,,,"9,161",4.742,,
World,SSP3,2017,,,"7,544",713.8,,
World,SSP3,2018,,,"7,627",679.8,,
World,SSP3,2019,,,"7,711",628.8,,
World,SSP3,2020,,,"7,794",588.8,,
World,SSP3,2021,,,"7,878",559.8,,
World,SSP3,2022,,,"7,960",538.2,,
World,SSP3,2023,,,"8,043",522.8,,
World,SSP3,2024,,,"8,126",511.1,,
World,SSP3,2025,,,"8,209",501,,
World,SSP3,2026,,,"8,291",490.7,,
World,SSP3,2027,,,"8,373",480,,
World,SSP3,2028,,,"8,455",469.5,,
World,SSP3,2029,,,"8,535",460,,
World,SSP3,2030,,,"8,614",451.8,,
World,SSP3,2031,,,"8,693",444.7,,
World,SSP3,2032,,,"8,770",438.8,,
World,SSP3,2033,,,"8,845",434.3,,
World,SSP3,2034,,,"8,921",430.6,,
World,SSP3,2035,,,"8,995",427.3,,
World,SSP3,2036,,,"9,069",424.2,,
World,SSP3,2037,,,"9,143",421.4,,
World,SSP3,2038,,,"9,216",418.8,,
World,SSP3,2039,,,"9,289",416.5,,
World,SSP3,2040,,,"9,361",414.6,,
World,SSP3,2041,,,"9,433",413.2,,
World,SSP3,2042,,,"9,504",412,,
World,SSP3,2043,,,"9,576",410.8,,
World,SSP3,2044,,,"9,647",409.6,,
World,SSP3,2045,,,"9,717",408.5,,
World,SSP3,2046,,,"9,787",407.2,,
World,SSP3,2047,,,"9,857",405.9,,
World,SSP3,2048,,,"9,927",404.4,,
World,SSP3,2049,,,"9,995",402.3,,
World,SSP3,2050,,,"10,063",399.4,,
World,SSP3,2051,,,"10,129",395.6,,
World,SSP3,2052,,,"10,195",390.9,,
World,SSP3,2053,,,"10,259",385.3,,
World,SSP3,2054,,,"10,322",379,,
World,SSP3,2055,,,"10,385",372.2,,
World,SSP3,2056,,,"10,446",364.8,,
World,SSP3,2057,,,"10,506",357.2,,
World,SSP3,2058,,,"10,565",349.9,,
World,SSP3,2059,,,"10,624",342.6,,
World,SSP3,2060,,,"10,681",335.3,,
World,SSP3,2061,,,"10,738",328.1,,
World,SSP3,2062,,,"10,794",320.5,,
World,SSP3,2063,,,"10,850",312.7,,
World,SSP3,2064,,,"10,905",304.9,,
World,SSP3,2065,,,"10,959",297.2,,
World,SSP3,2066,,,"11,013",289.7,,
World,SSP3,2067,,,"11,067",282.4,,
World,SSP3,2068,,,"11,120",275.7,,
World,SSP3,2069,,,"11,173",269.2,,
World,SSP3,2070,,,"11,225",262.9,,
World,SSP3,2071,,,"11,278",256.8,,
World,SSP3,2072,,,"11,330",250.9,,
World,SSP3,2073,,,"11,383",245.2,,
World,SSP3,2074,,,"11,435",239.6,,
World,SSP3,2075,,,"11,486",234.4,,
World,SSP3,2076,,,"11,538",229.5,,
World,SSP3,2077,,,"11,589",224.7,,
World,SSP3,2078,,,"11,641",220,,
World,SSP3,2079,,,"11,692",215.1,,
World,SSP3,2080,,,"11,743",210.3,,
World,SSP3,2081,,,"11,794",205.4,,
World,SSP3,2082,,,"11,845",200.5,,
World,SSP3,2083,,,"11,895",195.6,,
World,SSP3,2084,,,"11,946",191,,
World,SSP3,2085,,,"11,996",186.5,,
World,SSP3,2086,,,"12,046",182,,
World,SSP3,2087,,,"12,096",177.5,,
World,SSP3,2088,,,"12,146",173,,
World,SSP3,2089,,,"12,196",168.5,,
World,SSP3,2090,,,"12,245",164.2,,
World,SSP3,2091,,,"12,295",160.1,,
World,SSP3,2092,,,"12,344",156.3,,
World,SSP3,2093,,,"12,393",152.8,,
World,SSP3,2094,,,"12,442",149.4,,
World,SSP3,2095,,,"12,491",146.3,,
World,SSP3,2096,,,"12,540",143.4,,
World,SSP3,2097,,,"12,588",140.7,,
World,SSP3,2098,,,"12,636",137.9,,
World,SSP3,2099,,,"12,684",135.2,,
World,SSP3,2100,,,"12,731",132.7,,
World,SSP4,2017,,,"7,544",713.8,,
World,SSP4,2018,,,"7,616",678.3,,
World,SSP4,2019,,,"7,688",626.1,,
World,SSP4,2020,,,"7,758",585.4,,
World,SSP4,2021,,,"7,828",555.7,,
World,SSP4,2022,,,"7,896",533.4,,
World,SSP4,2023,,,"7,963",517.6,,
World,SSP4,2024,,,"8,029",505.4,,
World,SSP4,2025,,,"8,093",494.8,,
World,SSP4,2026,,,"8,157",483.9,,
World,SSP4,2027,,,"8,218",472.5,,
World,SSP4,2028,,,"8,279",461.3,,
World,SSP4,2029,,,"8,338",451.5,,
World,SSP4,2030,,,"8,395",443.6,,
World,SSP4,2031,,,"8,452",437.3,,
World,SSP4,2032,,,"8,507",432.9,,
World,SSP4,2033,,,"8,561",430.1,,
World,SSP4,2034,,,"8,614",428.3,,
World,SSP4,2035,,,"8,666",426.9,,
World,SSP4,2036,,,"8,716",425.7,,
World,SSP4,2037,,,"8,765",425,,
World,SSP4,2038,,,"8,813",424.8,,
World,SSP4,2039,,,"8,859",424.9,,
World,SSP4,2040,,,"8,905",425.6,,
World,SSP4,2041,,,"8,949",426.7,,
World,SSP4,2042,,,"8,992",428.1,,
World,SSP4,2043,,,"9,033",429.7,,
World,SSP4,2044,,,"9,073",431.6,,
World,SSP4,2045,,,"9,112",433.5,,
World,SSP4,2046,,,"9,149",435.5,,
World,SSP4,2047,,,"9,185",437.5,,
World,SSP4,2048,,,"9,220",438.9,,
World,SSP4,2049,,,"9,253",440,,
World,SSP4,2050,,,"9,284",440.1,,
World,SSP4,2051,,,"9,314",438.8,,
World,SSP4,2052,,,"9,342",436.2,,
World,SSP4,2053,,,"9,369",432.6,,
World,SSP4,2054,,,"9,394",428,,
World,SSP4,2055,,,"9,417",422.9,,
World,SSP4,2056,,,"9,439",417.5,,
World,SSP4,2057,,,"9,459",412.1,,
World,SSP4,2058,,,"9,477",406.9,,
World,SSP4,2059,,,"9,495",401.9,,
World,SSP4,2060,,,"9,510",396.7,,
World,SSP4,2061,,,"9,525",391.8,,
World,SSP4,2062,,,"9,538",386.7,,
World,SSP4,2063,,,"9,549",381.2,,
World,SSP4,2064,,,"9,559",375.3,,
World,SSP4,2065,,,"9,569",369.2,,
World,SSP4,2066,,,"9,577",363.2,,
World,SSP4,2067,,,"9,584",357.2,,
World,SSP4,2068,,,"9,590",351.2,,
World,SSP4,2069,,,"9,594",345.2,,
World,SSP4,2070,,,"9,598",339.4,,
World,SSP4,2071,,,"9,601",333.5,,
World,SSP4,2072,,,"9,603",327.3,,
World,SSP4,2073,,,"9,605",320.8,,
World,SSP4,2074,,,"9,605",314,,
World,SSP4,2075,,,"9,604",306.9,,
World,SSP4,2076,,,"9,603",299.7,,
World,SSP4,2077,,,"9,601",292.8,,
World,SSP4,2078,,,"9,598",286.6,,
World,SSP4,2079,,,"9,594",281.2,,
World,SSP4,2080,,,"9,589",276.4,,
World,SSP4,2081,,,"9,584",271.9,,
World,SSP4,2082,,,"9,578",267.5,,
World,SSP4,2083,,,"9,572",263.1,,
World,SSP4,2084,,,"9,565",258.6,,
World,SSP4,2085,,,"9,557",254.1,,
World,SSP4,2086,,,"9,549",249.4,,
World,SSP4,2087,,,"9,540",244.8,,
World,SSP4,2088,,,"9,531",240,,
World,SSP4,2089,,,"9,521",235.1,,
World,SSP4,2090,,,"9,511",230.3,,
World,SSP4,2091,,,"9,501",225.4,,
World,SSP4,2092,,,"9,490",220.4,,
World,SSP4,2093,,,"9,479",215.3,,
World,SSP4,2094,,,"9,468",210.2,,
World,SSP4,2095,,,"9,457",205.1,,
World,SSP4,2096,,,"9,445",200.2,,
World,SSP4,2097,,,"9,433",196.1,,
World,SSP4,2098,,,"9,420",191.7,,
World,SSP4,2099,,,"9,407",187.6,,
World,SSP4,2100,,,"9,394",183.3,,
World,SSP5,2017,,,"7,544",713.8,,
World,SSP5,2018,,,"7,607",670.2,,
World,SSP5,2019,,,"7,670",605.6,,
World,SSP5,2020,,,"7,730",550.8,,
World,SSP5,2021,,,"7,789",503.6,,
World,SSP5,2022,,,"7,847",462.9,,
World,SSP5,2023,,,"7,903",427.2,,
World,SSP5,2024,,,"7,958",393.5,,
World,SSP5,2025,,,"8,010",360.4,,
World,SSP5,2026,,,"8,060",326.8,,
World,SSP5,2027,,,"8,108",294.2,,
World,SSP5,2028,,,"8,155",263,,
World,SSP5,2029,,,"8,199",234.1,,
World,SSP5,2030,,,"8,243",207.5,,
World,SSP5,2031,,,"8,285",183.4,,
World,SSP5,2032,,,"8,327",161.8,,
World,SSP5,2033,,,"8,367",142.8,,
World,SSP5,2034,,,"8,405",126.2,,
World,SSP5,2035,,,"8,442",111.9,,
World,SSP5,2036,,,"8,477",99.62,,
World,SSP5,2037,,,"8,510",88.92,,
World,SSP5,2038,,,"8,542",79.54,,
World,SSP5,2039,,,"8,572",71.17,,
World,SSP5,2040,,,"8,600",63.73,,
World,SSP5,2041,,,"8,626",57.12,,
World,SSP5,2042,,,"8,650",51.26,,
World,SSP5,2043,,,"8,673",46.04,,
World,SSP5,2044,,,"8,694",41.39,,
World,SSP5,2045,,,"8,712",37.27,,
World,SSP5,2046,,,"8,729",33.62,,
World,SSP5,2047,,,"8,744",30.37,,
World,SSP5,2048,,,"8,757",27.43,,
World,SSP5,2049,,,"8,768",24.79,,
World,SSP5,2050,,,"8,778",22.4,,
World,SSP5,2051,,,"8,786",20.26,,
World,SSP5,2052,,,"8,792",18.34,,
World,SSP5,2053,,,"8,797",16.61,,
World,SSP5,2054,,,"8,800",15.06,,
World,SSP5,2055,,,"8,802",13.66,,
World,SSP5,2056,,,"8,802",12.38,,
World,SSP5,2057,,,"8,800",11.22,,
World,SSP5,2058,,,"8,797",10.14,,
World,SSP5,2059,,,"8,792",9.151,,
World,SSP5,2060,,,"8,786",8.258,,
World,SSP5,2061,,,"8,778",7.452,,
World,SSP5,2062,,,"8,769",6.759,,
World,SSP5,2063,,,"8,759",6.168,,
World,SSP5,2064,,,"8,747",5.639,,
World,SSP5,2065,,,"8,734",5.17,,
World,SSP5,2066,,,"8,719",4.752,,
World,SSP5,2067,,,"8,703",4.381,,
World,SSP5,2068,,,"8,686",4.048,,
World,SSP5,2069,,,"8,667",3.75,,
World,SSP5,2070,,,"8,647",3.479,,
World,SSP5,2071,,,"8,626",3.212,,
World,SSP5,2072,,,"8,604",2.967,,
World,SSP5,2073,,,"8,580",2.743,,
World,SSP5,2074,,,"8,555",2.538,,
World,SSP5,2075,,,"8,529",2.361,,
World,SSP5,2076,,,"8,502",2.211,,
World,SSP5,2077,,,"8,474",2.086,,
World,SSP5,2078,,,"8,444",1.982,,
World,SSP5,2079,,,"8,413",1.894,,
World,SSP5,2080,,,"8,381",1.819,,
World,SSP5,2081,,,"8,348",1.754,,
World,SSP5,2082,,,"8,313",1.698,,
World,SSP5,2083,,,"8,278",1.652,,
World,SSP5,2084,,,"8,241",1.611,,
World,SSP5,2085,,,"8,204",1.573,,
World,SSP5,2086,,,"8,165",1.538,,
World,SSP5,2087,,,"8,125",1.464,,
World,SSP5,2088,,,"8,085",1.373,,
World,SSP5,2089,,,"8,043",1.282,,
World,SSP5,2090,,,"8,001",1.189,,
World,SSP5,2091,,,"7,957",1.095,,
World,SSP5,2092,,,"7,913",1.001,,
World,SSP5,2093,,,"7,869",0.908,,
World,SSP5,2094,,,"7,823",0.825,,
World,SSP5,2095,,,"7,776",0.751,,
World,SSP5,2096,,,"7,729",0.681,,
World,SSP5,2097,,,"7,681",0.617,,
World,SSP5,2098,,,"7,632",0.561,,
World,SSP5,2099,,,"7,582",0.511,,
World,SSP5,2100,,,"7,532",0.469,,