MODEL,SCENARIO,REGION,variable,filter,growtherror
AIM/CGE,SSP5-26,World,co2intensity,0.1%/y tolerance 2005-2020,0.17033292546485335
AIM/CGE,SSP5-26,World,energyintensity,0.1%/y tolerance 2005-2020,-0.57285612100333
AIM/CGE,SSP5-26,World,fossilco2,0.1%/y tolerance 2005-2020,0.06286801248090934
AIM/CGE,SSP5-26,World,pcgdpppp,0.1%/y tolerance 2005-2020,0.6633758956020939
AIM/CGE,SSP5-26,World,pop,0.1%/y tolerance 2005-2020,-0.19798468758270782
AIM/CGE,SSP5-34,World,co2intensity,0.1%/y tolerance 2005-2020,0.17033292546485335
AIM/CGE,SSP5-34,World,energyintensity,0.1%/y tolerance 2005-2020,-0.57285612100333
AIM/CGE,SSP5-34,World,fossilco2,0.1%/y tolerance 2005-2020,0.06286801248090934
AIM/CGE,SSP5-34,World,pcgdpppp,0.1%/y tolerance 2005-2020,0.6633758956020939
AIM/CGE,SSP5-34,World,pop,0.1%/y tolerance 2005-2020,-0.19798468758270782
AIM/CGE,SSP5-45,World,co2intensity,0.1%/y tolerance 2005-2020,0.17033292546485335
AIM/CGE,SSP5-45,World,energyintensity,0.1%/y tolerance 2005-2020,-0.57285612100333
AIM/CGE,SSP5-45,World,fossilco2,0.1%/y tolerance 2005-2020,0.06286801248090934
AIM/CGE,SSP5-45,World,pcgdpppp,0.1%/y tolerance 2005-2020,0.6633758956020939
AIM/CGE,SSP5-45,World,pop,0.1%/y tolerance 2005-2020,-0.19798468758270782
AIM/CGE,SSP5-60,World,co2intensity,0.1%/y tolerance 2005-2020,0.17033292546485335
AIM/CGE,SSP5-60,World,energyintensity,0.1%/y tolerance 2005-2020,-0.57285612100333
AIM/CGE,SSP5-60,World,fossilco2,0.1%/y tolerance 2005-2020,0.06286801248090934
AIM/CGE,SSP5-60,World,pcgdpppp,0.1%/y tolerance 2005-2020,0.6633758956020939
AIM/CGE,SSP5-60,World,pop,0.1%/y tolerance 2005-2020,-0.19798468758270782
IMAGE,SSP2-60,World,co2intensity,0.1%/y tolerance 2005-2020,-0.09350609039070856
IMAGE,SSP2-60,World,energyintensity,0.1%/y tolerance 2005-2020,-0.25640348963229953
IMAGE,SSP2-60,World,fossilco2,0.1%/y tolerance 2005-2020,-0.06655044880708338
IMAGE,SSP2-60,World,pcgdpppp,0.1%/y tolerance 2005-2020,0.40488640646473795
IMAGE,SSP2-60,World,pop,0.1%/y tolerance 2005-2020,-0.12152727524881324
IMAGE,SSP2-Baseline,World,co2intensity,0.1%/y tolerance 2005-2020,-0.07501456894658887
IMAGE,SSP2-Baseline,World,energyintensity,0.1%/y tolerance 2005-2020,-0.19903381481255655
IMAGE,SSP2-Baseline,World,fossilco2,0.1%/y tolerance 2005-2020,0.00931074745677929
IMAGE,SSP2-Baseline,World,pcgdpppp,0.1%/y tolerance 2005-2020,0.40488640646473795
IMAGE,SSP2-Baseline,World,pop,0.1%/y tolerance 2005-2020,-0.12152727524881324
IMAGE,SSP3-45,World,co2intensity,0.1%/y tolerance 2005-2020,-0.11596006342572052
IMAGE,SSP3-45,World,energyintensity,0.1%/y tolerance 2005-2020,-0.11172159168884122
IMAGE,SSP3-45,World,fossilco2,0.1%/y tolerance 2005-2020,0.008087583102017515
IMAGE,SSP3-45,World,pcgdpppp,0.1%/y tolerance 2005-2020,0.29207790761491936
IMAGE,SSP3-45,World,pop,0.1%/y tolerance 2005-2020,-0.056308669398340117
REMIND-MAGPIE,SSP2-19,World,co2intensity,0.1%/y tolerance 2005-2020,-0.012131306506821815
REMIND-MAGPIE,SSP2-19,World,energyintensity,0.1%/y tolerance 2005-2020,-0.2642517623436691
REMIND-MAGPIE,SSP2-19,World,fossilco2,0.1%/y tolerance 2005-2020,0.06442450494926244
REMIND-MAGPIE,SSP2-19,World,pcgdpppp,0.1%/y tolerance 2005-2020,0.46538087407604656
REMIND-MAGPIE,SSP2-19,World,pop,0.1%/y tolerance 2005-2020,-0.12457330027629321
REMIND-MAGPIE,SSP2-26,World,co2intensity,0.1%/y tolerance 2005-2020,-0.012131306506821815
REMIND-MAGPIE,SSP2-26,World,energyintensity,0.1%/y tolerance 2005-2020,-0.2642517623436691
REMIND-MAGPIE,SSP2-26,World,fossilco2,0.1%/y tolerance 2005-2020,0.06442450494926244
REMIND-MAGPIE,SSP2-26,World,pcgdpppp,0.1%/y tolerance 2005-2020,0.46538087407604656
REMIND-MAGPIE,SSP2-26,World,pop,0.1%/y tolerance 2005-2020,-0.12457330027629321
REMIND-MAGPIE,SSP2-34,World,co2intensity,0.1%/y tolerance 2005-2020,-0.012131306506821815
REMIND-MAGPIE,SSP2-34,World,energyintensity,0.1%/y tolerance 2005-2020,-0.2642517623436691
REMIND-MAGPIE,SSP2-34,World,fossilco2,0.1%/y tolerance 2005-2020,0.06442450494926244
REMIND-MAGPIE,SSP2-34,World,pcgdpppp,0.1%/y tolerance 2005-2020,0.46538087407604656
REMIND-MAGPIE,SSP2-34,World,pop,0.1%/y tolerance 2005-2020,-0.12457330027629321
REMIND-MAGPIE,SSP2-45,World,co2intensity,0.1%/y tolerance 2005-2020,-0.012131306506821815
REMIND-MAGPIE,SSP2-45,World,energyintensity,0.1%/y tolerance 2005-2020,-0.2642517623436691
REMIND-MAGPIE,SSP2-45,World,fossilco2,0.1%/y tolerance 2005-2020,0.06442450494926244
REMIND-MAGPIE,SSP2-45,World,pcgdpppp,0.1%/y tolerance 2005-2020,0.46538087407604656
REMIND-MAGPIE,SSP2-45,World,pop,0.1%/y tolerance 2005-2020,-0.12457330027629321
REMIND-MAGPIE,SSP2-60,World,co2intensity,0.1%/y tolerance 2005-2020,-0.012131306506821815
REMIND-MAGPIE,SSP2-60,World,energyintensity,0.1%/y tolerance 2005-2020,-0.2642517623436691
REMIND-MAGPIE,SSP2-60,World,fossilco2,0.1%/y tolerance 2005-2020,0.06442450494926244
REMIND-MAGPIE,SSP2-60,World,pcgdpppp,0.1%/y tolerance 2005-2020,0.46538087407604656
REMIND-MAGPIE,SSP2-60,World,pop,0.1%/y tolerance 2005-2020,-0.12457330027629321
WITCH-GLOBIOM,SSP5-34,World,co2intensity,0.1%/y tolerance 2005-2020,-0.2950853193051224
WITCH-GLOBIOM,SSP5-34,World,energyintensity,0.1%/y tolerance 2005-2020,-0.07643246408169313
WITCH-GLOBIOM,SSP5-34,World,fossilco2,0.1%/y tolerance 2005-2020,-0.08233638362456541
WITCH-GLOBIOM,SSP5-34,World,pcgdpppp,0.1%/y tolerance 2005-2020,0.4807479860507753
WITCH-GLOBIOM,SSP5-34,World,pop,0.1%/y tolerance 2005-2020,-0.1915665862885252
AIM/CGE,SSP2-19,World,co2intensity,0.2%/y tolerance 2005-2020,0.10490750631504686
AIM/CGE,SSP2-19,World,energyintensity,0.2%/y tolerance 2005-2020,-0.3515586926051826
AIM/CGE,SSP2-19,World,fossilco2,0.2%/y tolerance 2005-2020,0.1273281468873786
AIM/CGE,SSP2-19,World,pcgdpppp,0.2%/y tolerance 2005-2020,0.49670738479880105
AIM/CGE,SSP2-19,World,pop,0.2%/y tolerance 2005-2020,-0.12272805162128675
AIM/CGE,SSP2-26,World,co2intensity,0.2%/y tolerance 2005-2020,0.10471845686998815
AIM/CGE,SSP2-26,World,energyintensity,0.2%/y tolerance 2005-2020,-0.3518409387839374
AIM/CGE,SSP2-26,World,fossilco2,0.2%/y tolerance 2005-2020,0.12690025893944235
AIM/CGE,SSP2-26,World,pcgdpppp,0.2%/y tolerance 2005-2020,0.49675079247467835
AIM/CGE,SSP2-26,World,pop,0.2%/y tolerance 2005-2020,-0.12272805162128675
AIM/CGE,SSP2-34,World,co2intensity,0.2%/y tolerance 2005-2020,0.10471845686998815
AIM/CGE,SSP2-34,World,energyintensity,0.2%/y tolerance 2005-2020,-0.3518409387839374
AIM/CGE,SSP2-34,World,fossilco2,0.2%/y tolerance 2005-2020,0.12690025893944235
AIM/CGE,SSP2-34,World,pcgdpppp,0.2%/y tolerance 2005-2020,0.49675079247467835
AIM/CGE,SSP2-34,World,pop,0.2%/y tolerance 2005-2020,-0.12272805162128675
AIM/CGE,SSP2-45,World,co2intensity,0.2%/y tolerance 2005-2020,0.10471845686998815
AIM/CGE,SSP2-45,World,energyintensity,0.2%/y tolerance 2005-2020,-0.3518409387839374
AIM/CGE,SSP2-45,World,fossilco2,0.2%/y tolerance 2005-2020,0.12690025893944235
AIM/CGE,SSP2-45,World,pcgdpppp,0.2%/y tolerance 2005-2020,0.49675079247467835
AIM/CGE,SSP2-45,World,pop,0.2%/y tolerance 2005-2020,-0.12272805162128675
AIM/CGE,SSP2-60,World,co2intensity,0.2%/y tolerance 2005-2020,0.10471845686998815
AIM/CGE,SSP2-60,World,energyintensity,0.2%/y tolerance 2005-2020,-0.3518409387839374
AIM/CGE,SSP2-60,World,fossilco2,0.2%/y tolerance 2005-2020,0.12690025893944235
AIM/CGE,SSP2-60,World,pcgdpppp,0.2%/y tolerance 2005-2020,0.49675079247467835
AIM/CGE,SSP2-60,World,pop,0.2%/y tolerance 2005-2020,-0.12272805162128675
AIM/CGE,SSP5-26,World,co2intensity,0.2%/y tolerance 2005-2020,0.17033292546485335
AIM/CGE,SSP5-26,World,energyintensity,0.2%/y tolerance 2005-2020,-0.57285612100333
AIM/CGE,SSP5-26,World,fossilco2,0.2%/y tolerance 2005-2020,0.06286801248090934
AIM/CGE,SSP5-26,World,pcgdpppp,0.2%/y tolerance 2005-2020,0.6633758956020939
AIM/CGE,SSP5-26,World,pop,0.2%/y tolerance 2005-2020,-0.19798468758270782
AIM/CGE,SSP5-34,World,co2intensity,0.2%/y tolerance 2005-2020,0.17033292546485335
AIM/CGE,SSP5-34,World,energyintensity,0.2%/y tolerance 2005-2020,-0.57285612100333
AIM/CGE,SSP5-34,World,fossilco2,0.2%/y tolerance 2005-2020,0.06286801248090934
AIM/CGE,SSP5-34,World,pcgdpppp,0.2%/y tolerance 2005-2020,0.6633758956020939
AIM/CGE,SSP5-34,World,pop,0.2%/y tolerance 2005-2020,-0.19798468758270782
AIM/CGE,SSP5-45,World,co2intensity,0.2%/y tolerance 2005-2020,0.17033292546485335
AIM/CGE,SSP5-45,World,energyintensity,0.2%/y tolerance 2005-2020,-0.57285612100333
AIM/CGE,SSP5-45,World,fossilco2,0.2%/y tolerance 2005-2020,0.06286801248090934
AIM/CGE,SSP5-45,World,pcgdpppp,0.2%/y tolerance 2005-2020,0.6633758956020939
AIM/CGE,SSP5-45,World,pop,0.2%/y tolerance 2005-2020,-0.19798468758270782
AIM/CGE,SSP5-60,World,co2intensity,0.2%/y tolerance 2005-2020,0.17033292546485335
AIM/CGE,SSP5-60,World,energyintensity,0.2%/y tolerance 2005-2020,-0.57285612100333
AIM/CGE,SSP5-60,World,fossilco2,0.2%/y tolerance 2005-2020,0.06286801248090934
AIM/CGE,SSP5-60,World,pcgdpppp,0.2%/y tolerance 2005-2020,0.6633758956020939
AIM/CGE,SSP5-60,World,pop,0.2%/y tolerance 2005-2020,-0.19798468758270782
IMAGE,SSP2-45,World,co2intensity,0.2%/y tolerance 2005-2020,-0.11023072271300771
IMAGE,SSP2-45,World,energyintensity,0.2%/y tolerance 2005-2020,-0.31580579527510033
IMAGE,SSP2-45,World,fossilco2,0.2%/y tolerance 2005-2020,-0.14267738677218333
IMAGE,SSP2-45,World,pcgdpppp,0.2%/y tolerance 2005-2020,0.40488640646473795
IMAGE,SSP2-45,World,pop,0.2%/y tolerance 2005-2020,-0.12152727524881324
IMAGE,SSP2-60,World,co2intensity,0.2%/y tolerance 2005-2020,-0.09350609039070856
IMAGE,SSP2-60,World,energyintensity,0.2%/y tolerance 2005-2020,-0.25640348963229953
IMAGE,SSP2-60,World,fossilco2,0.2%/y tolerance 2005-2020,-0.06655044880708338
IMAGE,SSP2-60,World,pcgdpppp,0.2%/y tolerance 2005-2020,0.40488640646473795
IMAGE,SSP2-60,World,pop,0.2%/y tolerance 2005-2020,-0.12152727524881324
IMAGE,SSP2-Baseline,World,co2intensity,0.2%/y tolerance 2005-2020,-0.07501456894658887
IMAGE,SSP2-Baseline,World,energyintensity,0.2%/y tolerance 2005-2020,-0.19903381481255655
IMAGE,SSP2-Baseline,World,fossilco2,0.2%/y tolerance 2005-2020,0.00931074745677929
IMAGE,SSP2-Baseline,World,pcgdpppp,0.2%/y tolerance 2005-2020,0.40488640646473795
IMAGE,SSP2-Baseline,World,pop,0.2%/y tolerance 2005-2020,-0.12152727524881324
IMAGE,SSP3-34,World,co2intensity,0.2%/y tolerance 2005-2020,-0.17700180272562416
IMAGE,SSP3-34,World,energyintensity,0.2%/y tolerance 2005-2020,-0.22830351970722673
IMAGE,SSP3-34,World,fossilco2,0.2%/y tolerance 2005-2020,-0.16953608421627164
IMAGE,SSP3-34,World,pcgdpppp,0.2%/y tolerance 2005-2020,0.29207790761491936
IMAGE,SSP3-34,World,pop,0.2%/y tolerance 2005-2020,-0.056308669398340117
IMAGE,SSP3-45,World,co2intensity,0.2%/y tolerance 2005-2020,-0.11596006342572052
IMAGE,SSP3-45,World,energyintensity,0.2%/y tolerance 2005-2020,-0.11172159168884122
IMAGE,SSP3-45,World,fossilco2,0.2%/y tolerance 2005-2020,0.008087583102017515
IMAGE,SSP3-45,World,pcgdpppp,0.2%/y tolerance 2005-2020,0.29207790761491936
IMAGE,SSP3-45,World,pop,0.2%/y tolerance 2005-2020,-0.056308669398340117
IMAGE,SSP3-60,World,co2intensity,0.2%/y tolerance 2005-2020,-0.07610257983250746
IMAGE,SSP3-60,World,energyintensity,0.2%/y tolerance 2005-2020,-0.010895551374293655
IMAGE,SSP3-60,World,fossilco2,0.2%/y tolerance 2005-2020,0.14877110700977814
IMAGE,SSP3-60,World,pcgdpppp,0.2%/y tolerance 2005-2020,0.29207790761491936
IMAGE,SSP3-60,World,pop,0.2%/y tolerance 2005-2020,-0.056308669398340117
IMAGE,SSP3-Baseline,World,co2intensity,0.2%/y tolerance 2005-2020,-0.07383499320902787
IMAGE,SSP3-Baseline,World,energyintensity,0.2%/y tolerance 2005-2020,0.011400910282455046
IMAGE,SSP3-Baseline,World,fossilco2,0.2%/y tolerance 2005-2020,0.17333515529000643
IMAGE,SSP3-Baseline,World,pcgdpppp,0.2%/y tolerance 2005-2020,0.29207790761491936
IMAGE,SSP3-Baseline,World,pop,0.2%/y tolerance 2005-2020,-0.056308669398340117
IMAGE,SSP5-34,World,co2intensity,0.2%/y tolerance 2005-2020,-0.12680799485743877
IMAGE,SSP5-34,World,energyintensity,0.2%/y tolerance 2005-2020,-0.2965142596625341
IMAGE,SSP5-34,World,fossilco2,0.2%/y tolerance 2005-2020,0.12299754911743976
IMAGE,SSP5-34,World,pcgdpppp,0.2%/y tolerance 2005-2020,0.7435153051206221
IMAGE,SSP5-34,World,pop,0.2%/y tolerance 2005-2020,-0.19719550148320952
REMIND-MAGPIE,SSP2-19,World,co2intensity,0.2%/y tolerance 2005-2020,-0.012131306506821815
REMIND-MAGPIE,SSP2-19,World,energyintensity,0.2%/y tolerance 2005-2020,-0.2642517623436691
REMIND-MAGPIE,SSP2-19,World,fossilco2,0.2%/y tolerance 2005-2020,0.06442450494926244
REMIND-MAGPIE,SSP2-19,World,pcgdpppp,0.2%/y tolerance 2005-2020,0.46538087407604656
REMIND-MAGPIE,SSP2-19,World,pop,0.2%/y tolerance 2005-2020,-0.12457330027629321
REMIND-MAGPIE,SSP2-26,World,co2intensity,0.2%/y tolerance 2005-2020,-0.012131306506821815
REMIND-MAGPIE,SSP2-26,World,energyintensity,0.2%/y tolerance 2005-2020,-0.2642517623436691
REMIND-MAGPIE,SSP2-26,World,fossilco2,0.2%/y tolerance 2005-2020,0.06442450494926244
REMIND-MAGPIE,SSP2-26,World,pcgdpppp,0.2%/y tolerance 2005-2020,0.46538087407604656
REMIND-MAGPIE,SSP2-26,World,pop,0.2%/y tolerance 2005-2020,-0.12457330027629321
REMIND-MAGPIE,SSP2-34,World,co2intensity,0.2%/y tolerance 2005-2020,-0.012131306506821815
REMIND-MAGPIE,SSP2-34,World,energyintensity,0.2%/y tolerance 2005-2020,-0.2642517623436691
REMIND-MAGPIE,SSP2-34,World,fossilco2,0.2%/y tolerance 2005-2020,0.06442450494926244
REMIND-MAGPIE,SSP2-34,World,pcgdpppp,0.2%/y tolerance 2005-2020,0.46538087407604656
REMIND-MAGPIE,SSP2-34,World,pop,0.2%/y tolerance 2005-2020,-0.12457330027629321
REMIND-MAGPIE,SSP2-45,World,co2intensity,0.2%/y tolerance 2005-2020,-0.012131306506821815
REMIND-MAGPIE,SSP2-45,World,energyintensity,0.2%/y tolerance 2005-2020,-0.2642517623436691
REMIND-MAGPIE,SSP2-45,World,fossilco2,0.2%/y tolerance 2005-2020,0.06442450494926244
REMIND-MAGPIE,SSP2-45,World,pcgdpppp,0.2%/y tolerance 2005-2020,0.46538087407604656
REMIND-MAGPIE,SSP2-45,World,pop,0.2%/y tolerance 2005-2020,-0.12457330027629321
REMIND-MAGPIE,SSP2-60,World,co2intensity,0.2%/y tolerance 2005-2020,-0.012131306506821815
REMIND-MAGPIE,SSP2-60,World,energyintensity,0.2%/y tolerance 2005-2020,-0.2642517623436691
REMIND-MAGPIE,SSP2-60,World,fossilco2,0.2%/y tolerance 2005-2020,0.06442450494926244
REMIND-MAGPIE,SSP2-60,World,pcgdpppp,0.2%/y tolerance 2005-2020,0.46538087407604656
REMIND-MAGPIE,SSP2-60,World,pop,0.2%/y tolerance 2005-2020,-0.12457330027629321
REMIND-MAGPIE,SSP5-19,World,co2intensity,0.2%/y tolerance 2005-2020,-0.15697816110426932
REMIND-MAGPIE,SSP5-19,World,energyintensity,0.2%/y tolerance 2005-2020,-0.1026413521542664
REMIND-MAGPIE,SSP5-19,World,fossilco2,0.2%/y tolerance 2005-2020,0.12714261637663715
REMIND-MAGPIE,SSP5-19,World,pcgdpppp,0.2%/y tolerance 2005-2020,0.5868244963122979
REMIND-MAGPIE,SSP5-19,World,pop,0.2%/y tolerance 2005-2020,-0.20006236667712507
REMIND-MAGPIE,SSP5-26,World,co2intensity,0.2%/y tolerance 2005-2020,-0.15697816110426932
REMIND-MAGPIE,SSP5-26,World,energyintensity,0.2%/y tolerance 2005-2020,-0.1026413521542664
REMIND-MAGPIE,SSP5-26,World,fossilco2,0.2%/y tolerance 2005-2020,0.12714261637663715
REMIND-MAGPIE,SSP5-26,World,pcgdpppp,0.2%/y tolerance 2005-2020,0.5868244963122979
REMIND-MAGPIE,SSP5-26,World,pop,0.2%/y tolerance 2005-2020,-0.20006236667712507
REMIND-MAGPIE,SSP5-34,World,co2intensity,0.2%/y tolerance 2005-2020,-0.15697816110426932
REMIND-MAGPIE,SSP5-34,World,energyintensity,0.2%/y tolerance 2005-2020,-0.1026413521542664
REMIND-MAGPIE,SSP5-34,World,fossilco2,0.2%/y tolerance 2005-2020,0.12714261637663715
REMIND-MAGPIE,SSP5-34,World,pcgdpppp,0.2%/y tolerance 2005-2020,0.5868244963122979
REMIND-MAGPIE,SSP5-34,World,pop,0.2%/y tolerance 2005-2020,-0.20006236667712507
REMIND-MAGPIE,SSP5-45,World,co2intensity,0.2%/y tolerance 2005-2020,-0.15697816110426932
REMIND-MAGPIE,SSP5-45,World,energyintensity,0.2%/y tolerance 2005-2020,-0.1026413521542664
REMIND-MAGPIE,SSP5-45,World,fossilco2,0.2%/y tolerance 2005-2020,0.12714261637663715
REMIND-MAGPIE,SSP5-45,World,pcgdpppp,0.2%/y tolerance 2005-2020,0.5868244963122979
REMIND-MAGPIE,SSP5-45,World,pop,0.2%/y tolerance 2005-2020,-0.20006236667712507
REMIND-MAGPIE,SSP5-60,World,co2intensity,0.2%/y tolerance 2005-2020,-0.15697816110426932
REMIND-MAGPIE,SSP5-60,World,energyintensity,0.2%/y tolerance 2005-2020,-0.1026413521542664
REMIND-MAGPIE,SSP5-60,World,fossilco2,0.2%/y tolerance 2005-2020,0.12714261637663715
REMIND-MAGPIE,SSP5-60,World,pcgdpppp,0.2%/y tolerance 2005-2020,0.5868244963122979
REMIND-MAGPIE,SSP5-60,World,pop,0.2%/y tolerance 2005-2020,-0.20006236667712507
WITCH-GLOBIOM,SSP1-26,World,co2intensity,0.2%/y tolerance 2005-2020,-0.23510520176337768
WITCH-GLOBIOM,SSP1-26,World,energyintensity,0.2%/y tolerance 2005-2020,0.18062568384430633
WITCH-GLOBIOM,SSP1-26,World,fossilco2,0.2%/y tolerance 2005-2020,0.17031155635138795
WITCH-GLOBIOM,SSP1-26,World,pcgdpppp,0.2%/y tolerance 2005-2020,0.4244057078678174
WITCH-GLOBIOM,SSP1-26,World,pop,0.2%/y tolerance 2005-2020,-0.1996146335973581
WITCH-GLOBIOM,SSP1-45,World,co2intensity,0.2%/y tolerance 2005-2020,-0.14318717821092908
WITCH-GLOBIOM,SSP1-45,World,energyintensity,0.2%/y tolerance 2005-2020,0.061455795896601995
WITCH-GLOBIOM,SSP1-45,World,fossilco2,0.2%/y tolerance 2005-2020,0.13726562314864732
WITCH-GLOBIOM,SSP1-45,World,pcgdpppp,0.2%/y tolerance 2005-2020,0.4186116390603325
WITCH-GLOBIOM,SSP1-45,World,pop,0.2%/y tolerance 2005-2020,-0.1996146335973581
WITCH-GLOBIOM,SSP1-60,World,co2intensity,0.2%/y tolerance 2005-2020,-0.11751043746542988
WITCH-GLOBIOM,SSP1-60,World,energyintensity,0.2%/y tolerance 2005-2020,0.011975788913405783
WITCH-GLOBIOM,SSP1-60,World,fossilco2,0.2%/y tolerance 2005-2020,0.11222148544806432
WITCH-GLOBIOM,SSP1-60,World,pcgdpppp,0.2%/y tolerance 2005-2020,0.4173707675974465
WITCH-GLOBIOM,SSP1-60,World,pop,0.2%/y tolerance 2005-2020,-0.1996146335973581
WITCH-GLOBIOM,SSP2-26,World,co2intensity,0.2%/y tolerance 2005-2020,-0.4294493638585659
WITCH-GLOBIOM,SSP2-26,World,energyintensity,0.2%/y tolerance 2005-2020,0.09390575377173027
WITCH-GLOBIOM,SSP2-26,World,fossilco2,0.2%/y tolerance 2005-2020,-0.14851318870326757
WITCH-GLOBIOM,SSP2-26,World,pcgdpppp,0.2%/y tolerance 2005-2020,0.303070062909611
WITCH-GLOBIOM,SSP2-26,World,pop,0.2%/y tolerance 2005-2020,-0.11603964152604296
WITCH-GLOBIOM,SSP3-34,World,co2intensity,0.2%/y tolerance 2005-2020,-0.30949282806772316
WITCH-GLOBIOM,SSP3-34,World,energyintensity,0.2%/y tolerance 2005-2020,0.330790944043023
WITCH-GLOBIOM,SSP3-34,World,fossilco2,0.2%/y tolerance 2005-2020,0.1421051294292841
WITCH-GLOBIOM,SSP3-34,World,pcgdpppp,0.2%/y tolerance 2005-2020,0.1717912047979906
WITCH-GLOBIOM,SSP3-34,World,pop,0.2%/y tolerance 2005-2020,-0.050984191344006335
WITCH-GLOBIOM,SSP4-19,World,co2intensity,0.2%/y tolerance 2005-2020,-0.04028079514842364
WITCH-GLOBIOM,SSP4-19,World,energyintensity,0.2%/y tolerance 2005-2020,-0.017961184790585172
WITCH-GLOBIOM,SSP4-19,World,fossilco2,0.2%/y tolerance 2005-2020,0.1070338084044633
WITCH-GLOBIOM,SSP4-19,World,pcgdpppp,0.2%/y tolerance 2005-2020,0.2915124452106117
WITCH-GLOBIOM,SSP4-19,World,pop,0.2%/y tolerance 2005-2020,-0.12623665686713959
WITCH-GLOBIOM,SSP5-34,World,co2intensity,0.2%/y tolerance 2005-2020,-0.2950853193051224
WITCH-GLOBIOM,SSP5-34,World,energyintensity,0.2%/y tolerance 2005-2020,-0.07643246408169313
WITCH-GLOBIOM,SSP5-34,World,fossilco2,0.2%/y tolerance 2005-2020,-0.08233638362456541
WITCH-GLOBIOM,SSP5-34,World,pcgdpppp,0.2%/y tolerance 2005-2020,0.4807479860507753
WITCH-GLOBIOM,SSP5-34,World,pop,0.2%/y tolerance 2005-2020,-0.1915665862885252
AIM/CGE,SSP2-19,World,co2intensity,0.3%/y tolerance 2005-2020,0.10490750631504686
AIM/CGE,SSP2-19,World,energyintensity,0.3%/y tolerance 2005-2020,-0.3515586926051826
AIM/CGE,SSP2-19,World,fossilco2,0.3%/y tolerance 2005-2020,0.1273281468873786
AIM/CGE,SSP2-19,World,pcgdpppp,0.3%/y tolerance 2005-2020,0.49670738479880105
AIM/CGE,SSP2-19,World,pop,0.3%/y tolerance 2005-2020,-0.12272805162128675
AIM/CGE,SSP2-26,World,co2intensity,0.3%/y tolerance 2005-2020,0.10471845686998815
AIM/CGE,SSP2-26,World,energyintensity,0.3%/y tolerance 2005-2020,-0.3518409387839374
AIM/CGE,SSP2-26,World,fossilco2,0.3%/y tolerance 2005-2020,0.12690025893944235
AIM/CGE,SSP2-26,World,pcgdpppp,0.3%/y tolerance 2005-2020,0.49675079247467835
AIM/CGE,SSP2-26,World,pop,0.3%/y tolerance 2005-2020,-0.12272805162128675
AIM/CGE,SSP2-34,World,co2intensity,0.3%/y tolerance 2005-2020,0.10471845686998815
AIM/CGE,SSP2-34,World,energyintensity,0.3%/y tolerance 2005-2020,-0.3518409387839374
AIM/CGE,SSP2-34,World,fossilco2,0.3%/y tolerance 2005-2020,0.12690025893944235
AIM/CGE,SSP2-34,World,pcgdpppp,0.3%/y tolerance 2005-2020,0.49675079247467835
AIM/CGE,SSP2-34,World,pop,0.3%/y tolerance 2005-2020,-0.12272805162128675
AIM/CGE,SSP2-45,World,co2intensity,0.3%/y tolerance 2005-2020,0.10471845686998815
AIM/CGE,SSP2-45,World,energyintensity,0.3%/y tolerance 2005-2020,-0.3518409387839374
AIM/CGE,SSP2-45,World,fossilco2,0.3%/y tolerance 2005-2020,0.12690025893944235
AIM/CGE,SSP2-45,World,pcgdpppp,0.3%/y tolerance 2005-2020,0.49675079247467835
AIM/CGE,SSP2-45,World,pop,0.3%/y tolerance 2005-2020,-0.12272805162128675
AIM/CGE,SSP2-60,World,co2intensity,0.3%/y tolerance 2005-2020,0.10471845686998815
AIM/CGE,SSP2-60,World,energyintensity,0.3%/y tolerance 2005-2020,-0.3518409387839374
AIM/CGE,SSP2-60,World,fossilco2,0.3%/y tolerance 2005-2020,0.12690025893944235
AIM/CGE,SSP2-60,World,pcgdpppp,0.3%/y tolerance 2005-2020,0.49675079247467835
AIM/CGE,SSP2-60,World,pop,0.3%/y tolerance 2005-2020,-0.12272805162128675
AIM/CGE,SSP4-26,World,co2intensity,0.3%/y tolerance 2005-2020,0.08352394496540994
AIM/CGE,SSP4-26,World,energyintensity,0.3%/y tolerance 2005-2020,-0.19124654634995109
AIM/CGE,SSP4-26,World,fossilco2,0.3%/y tolerance 2005-2020,0.23852010754276343
AIM/CGE,SSP4-26,World,pcgdpppp,0.3%/y tolerance 2005-2020,0.4800060929671446
AIM/CGE,SSP4-26,World,pop,0.3%/y tolerance 2005-2020,-0.13376338403984
AIM/CGE,SSP4-34,World,co2intensity,0.3%/y tolerance 2005-2020,0.08352394496540994
AIM/CGE,SSP4-34,World,energyintensity,0.3%/y tolerance 2005-2020,-0.19124654634995109
AIM/CGE,SSP4-34,World,fossilco2,0.3%/y tolerance 2005-2020,0.23852010754276343
AIM/CGE,SSP4-34,World,pcgdpppp,0.3%/y tolerance 2005-2020,0.4800060929671446
AIM/CGE,SSP4-34,World,pop,0.3%/y tolerance 2005-2020,-0.13376338403984
AIM/CGE,SSP4-45,World,co2intensity,0.3%/y tolerance 2005-2020,0.08352394496540994
AIM/CGE,SSP4-45,World,energyintensity,0.3%/y tolerance 2005-2020,-0.19124654634995109
AIM/CGE,SSP4-45,World,fossilco2,0.3%/y tolerance 2005-2020,0.23852010754276343
AIM/CGE,SSP4-45,World,pcgdpppp,0.3%/y tolerance 2005-2020,0.4800060929671446
AIM/CGE,SSP4-45,World,pop,0.3%/y tolerance 2005-2020,-0.13376338403984
AIM/CGE,SSP4-Baseline,World,co2intensity,0.3%/y tolerance 2005-2020,0.11789750799488918
AIM/CGE,SSP4-Baseline,World,energyintensity,0.3%/y tolerance 2005-2020,-0.16991625388270926
AIM/CGE,SSP4-Baseline,World,fossilco2,0.3%/y tolerance 2005-2020,0.2932535935169127
AIM/CGE,SSP4-Baseline,World,pcgdpppp,0.3%/y tolerance 2005-2020,0.4790357234445728
AIM/CGE,SSP4-Baseline,World,pop,0.3%/y tolerance 2005-2020,-0.13376338403984
AIM/CGE,SSP5-26,World,co2intensity,0.3%/y tolerance 2005-2020,0.17033292546485335
AIM/CGE,SSP5-26,World,energyintensity,0.3%/y tolerance 2005-2020,-0.57285612100333
AIM/CGE,SSP5-26,World,fossilco2,0.3%/y tolerance 2005-2020,0.06286801248090934
AIM/CGE,SSP5-26,World,pcgdpppp,0.3%/y tolerance 2005-2020,0.6633758956020939
AIM/CGE,SSP5-26,World,pop,0.3%/y tolerance 2005-2020,-0.19798468758270782
AIM/CGE,SSP5-34,World,co2intensity,0.3%/y tolerance 2005-2020,0.17033292546485335
AIM/CGE,SSP5-34,World,energyintensity,0.3%/y tolerance 2005-2020,-0.57285612100333
AIM/CGE,SSP5-34,World,fossilco2,0.3%/y tolerance 2005-2020,0.06286801248090934
AIM/CGE,SSP5-34,World,pcgdpppp,0.3%/y tolerance 2005-2020,0.6633758956020939
AIM/CGE,SSP5-34,World,pop,0.3%/y tolerance 2005-2020,-0.19798468758270782
AIM/CGE,SSP5-45,World,co2intensity,0.3%/y tolerance 2005-2020,0.17033292546485335
AIM/CGE,SSP5-45,World,energyintensity,0.3%/y tolerance 2005-2020,-0.57285612100333
AIM/CGE,SSP5-45,World,fossilco2,0.3%/y tolerance 2005-2020,0.06286801248090934
AIM/CGE,SSP5-45,World,pcgdpppp,0.3%/y tolerance 2005-2020,0.6633758956020939
AIM/CGE,SSP5-45,World,pop,0.3%/y tolerance 2005-2020,-0.19798468758270782
AIM/CGE,SSP5-60,World,co2intensity,0.3%/y tolerance 2005-2020,0.17033292546485335
AIM/CGE,SSP5-60,World,energyintensity,0.3%/y tolerance 2005-2020,-0.57285612100333
AIM/CGE,SSP5-60,World,fossilco2,0.3%/y tolerance 2005-2020,0.06286801248090934
AIM/CGE,SSP5-60,World,pcgdpppp,0.3%/y tolerance 2005-2020,0.6633758956020939
AIM/CGE,SSP5-60,World,pop,0.3%/y tolerance 2005-2020,-0.19798468758270782
IMAGE,SSP1-34,World,co2intensity,0.3%/y tolerance 2005-2020,0.07125124996931875
IMAGE,SSP1-34,World,energyintensity,0.3%/y tolerance 2005-2020,-0.602254480159301
IMAGE,SSP1-34,World,fossilco2,0.3%/y tolerance 2005-2020,-0.2336765148707709
IMAGE,SSP1-34,World,pcgdpppp,0.3%/y tolerance 2005-2020,0.5022753587800113
IMAGE,SSP1-34,World,pop,0.3%/y tolerance 2005-2020,-0.20494864346079988
IMAGE,SSP1-45,World,co2intensity,0.3%/y tolerance 2005-2020,0.06656751077948697
IMAGE,SSP1-45,World,energyintensity,0.3%/y tolerance 2005-2020,-0.59851532255915
IMAGE,SSP1-45,World,fossilco2,0.3%/y tolerance 2005-2020,-0.2346210964604516
IMAGE,SSP1-45,World,pcgdpppp,0.3%/y tolerance 2005-2020,0.5022753587800113
IMAGE,SSP1-45,World,pop,0.3%/y tolerance 2005-2020,-0.20494864346079988
IMAGE,SSP1-Baseline,World,co2intensity,0.3%/y tolerance 2005-2020,0.06651407612417914
IMAGE,SSP1-Baseline,World,energyintensity,0.3%/y tolerance 2005-2020,-0.5955341191304668
IMAGE,SSP1-Baseline,World,fossilco2,0.3%/y tolerance 2005-2020,-0.2316933276870763
IMAGE,SSP1-Baseline,World,pcgdpppp,0.3%/y tolerance 2005-2020,0.5022753587800113
IMAGE,SSP1-Baseline,World,pop,0.3%/y tolerance 2005-2020,-0.20494864346079988
IMAGE,SSP2-34,World,co2intensity,0.3%/y tolerance 2005-2020,-0.1548575581709275
IMAGE,SSP2-34,World,energyintensity,0.3%/y tolerance 2005-2020,-0.39446427730987965
IMAGE,SSP2-34,World,fossilco2,0.3%/y tolerance 2005-2020,-0.26596270426488244
IMAGE,SSP2-34,World,pcgdpppp,0.3%/y tolerance 2005-2020,0.40488640646473795
IMAGE,SSP2-34,World,pop,0.3%/y tolerance 2005-2020,-0.12152727524881324
IMAGE,SSP2-45,World,co2intensity,0.3%/y tolerance 2005-2020,-0.11023072271300771
IMAGE,SSP2-45,World,energyintensity,0.3%/y tolerance 2005-2020,-0.31580579527510033
IMAGE,SSP2-45,World,fossilco2,0.3%/y tolerance 2005-2020,-0.14267738677218333
IMAGE,SSP2-45,World,pcgdpppp,0.3%/y tolerance 2005-2020,0.40488640646473795
IMAGE,SSP2-45,World,pop,0.3%/y tolerance 2005-2020,-0.12152727524881324
IMAGE,SSP2-60,World,co2intensity,0.3%/y tolerance 2005-2020,-0.09350609039070856
IMAGE,SSP2-60,World,energyintensity,0.3%/y tolerance 2005-2020,-0.25640348963229953
IMAGE,SSP2-60,World,fossilco2,0.3%/y tolerance 2005-2020,-0.06655044880708338
IMAGE,SSP2-60,World,pcgdpppp,0.3%/y tolerance 2005-2020,0.40488640646473795
IMAGE,SSP2-60,World,pop,0.3%/y tolerance 2005-2020,-0.12152727524881324
IMAGE,SSP2-Baseline,World,co2intensity,0.3%/y tolerance 2005-2020,-0.07501456894658887
IMAGE,SSP2-Baseline,World,energyintensity,0.3%/y tolerance 2005-2020,-0.19903381481255655
IMAGE,SSP2-Baseline,World,fossilco2,0.3%/y tolerance 2005-2020,0.00931074745677929
IMAGE,SSP2-Baseline,World,pcgdpppp,0.3%/y tolerance 2005-2020,0.40488640646473795
IMAGE,SSP2-Baseline,World,pop,0.3%/y tolerance 2005-2020,-0.12152727524881324
IMAGE,SSP3-34,World,co2intensity,0.3%/y tolerance 2005-2020,-0.17700180272562416
IMAGE,SSP3-34,World,energyintensity,0.3%/y tolerance 2005-2020,-0.22830351970722673
IMAGE,SSP3-34,World,fossilco2,0.3%/y tolerance 2005-2020,-0.16953608421627164
IMAGE,SSP3-34,World,pcgdpppp,0.3%/y tolerance 2005-2020,0.29207790761491936
IMAGE,SSP3-34,World,pop,0.3%/y tolerance 2005-2020,-0.056308669398340117
IMAGE,SSP3-45,World,co2intensity,0.3%/y tolerance 2005-2020,-0.11596006342572052
IMAGE,SSP3-45,World,energyintensity,0.3%/y tolerance 2005-2020,-0.11172159168884122
IMAGE,SSP3-45,World,fossilco2,0.3%/y tolerance 2005-2020,0.008087583102017515
IMAGE,SSP3-45,World,pcgdpppp,0.3%/y tolerance 2005-2020,0.29207790761491936
IMAGE,SSP3-45,World,pop,0.3%/y tolerance 2005-2020,-0.056308669398340117
IMAGE,SSP3-60,World,co2intensity,0.3%/y tolerance 2005-2020,-0.07610257983250746
IMAGE,SSP3-60,World,energyintensity,0.3%/y tolerance 2005-2020,-0.010895551374293655
IMAGE,SSP3-60,World,fossilco2,0.3%/y tolerance 2005-2020,0.14877110700977814
IMAGE,SSP3-60,World,pcgdpppp,0.3%/y tolerance 2005-2020,0.29207790761491936
IMAGE,SSP3-60,World,pop,0.3%/y tolerance 2005-2020,-0.056308669398340117
IMAGE,SSP3-Baseline,World,co2intensity,0.3%/y tolerance 2005-2020,-0.07383499320902787
IMAGE,SSP3-Baseline,World,energyintensity,0.3%/y tolerance 2005-2020,0.011400910282455046
IMAGE,SSP3-Baseline,World,fossilco2,0.3%/y tolerance 2005-2020,0.17333515529000643
IMAGE,SSP3-Baseline,World,pcgdpppp,0.3%/y tolerance 2005-2020,0.29207790761491936
IMAGE,SSP3-Baseline,World,pop,0.3%/y tolerance 2005-2020,-0.056308669398340117
IMAGE,SSP4-Baseline,World,co2intensity,0.3%/y tolerance 2005-2020,-0.1409673111524723
IMAGE,SSP4-Baseline,World,energyintensity,0.3%/y tolerance 2005-2020,-0.5376411231430436
IMAGE,SSP4-Baseline,World,fossilco2,0.3%/y tolerance 2005-2020,-0.26129900766167524
IMAGE,SSP4-Baseline,World,pcgdpppp,0.3%/y tolerance 2005-2020,0.5486645148393876
IMAGE,SSP4-Baseline,World,pop,0.3%/y tolerance 2005-2020,-0.13135508820554698
IMAGE,SSP5-34,World,co2intensity,0.3%/y tolerance 2005-2020,-0.12680799485743877
IMAGE,SSP5-34,World,energyintensity,0.3%/y tolerance 2005-2020,-0.2965142596625341
IMAGE,SSP5-34,World,fossilco2,0.3%/y tolerance 2005-2020,0.12299754911743976
IMAGE,SSP5-34,World,pcgdpppp,0.3%/y tolerance 2005-2020,0.7435153051206221
IMAGE,SSP5-34,World,pop,0.3%/y tolerance 2005-2020,-0.19719550148320952
IMAGE,SSP5-45,World,co2intensity,0.3%/y tolerance 2005-2020,-0.10176126879052894
IMAGE,SSP5-45,World,energyintensity,0.3%/y tolerance 2005-2020,-0.21666854852692374
IMAGE,SSP5-45,World,fossilco2,0.3%/y tolerance 2005-2020,0.22788998631995994
IMAGE,SSP5-45,World,pcgdpppp,0.3%/y tolerance 2005-2020,0.7435153051206221
IMAGE,SSP5-45,World,pop,0.3%/y tolerance 2005-2020,-0.19719550148320952
IMAGE,SSP5-60,World,co2intensity,0.3%/y tolerance 2005-2020,-0.08177550681302237
IMAGE,SSP5-60,World,energyintensity,0.3%/y tolerance 2005-2020,-0.18409991762114042
IMAGE,SSP5-60,World,fossilco2,0.3%/y tolerance 2005-2020,0.2804443792032498
IMAGE,SSP5-60,World,pcgdpppp,0.3%/y tolerance 2005-2020,0.7435153051206221
IMAGE,SSP5-60,World,pop,0.3%/y tolerance 2005-2020,-0.19719550148320952
REMIND-MAGPIE,SSP2-19,World,co2intensity,0.3%/y tolerance 2005-2020,-0.012131306506821815
REMIND-MAGPIE,SSP2-19,World,energyintensity,0.3%/y tolerance 2005-2020,-0.2642517623436691
REMIND-MAGPIE,SSP2-19,World,fossilco2,0.3%/y tolerance 2005-2020,0.06442450494926244
REMIND-MAGPIE,SSP2-19,World,pcgdpppp,0.3%/y tolerance 2005-2020,0.46538087407604656
REMIND-MAGPIE,SSP2-19,World,pop,0.3%/y tolerance 2005-2020,-0.12457330027629321
REMIND-MAGPIE,SSP2-26,World,co2intensity,0.3%/y tolerance 2005-2020,-0.012131306506821815
REMIND-MAGPIE,SSP2-26,World,energyintensity,0.3%/y tolerance 2005-2020,-0.2642517623436691
REMIND-MAGPIE,SSP2-26,World,fossilco2,0.3%/y tolerance 2005-2020,0.06442450494926244
REMIND-MAGPIE,SSP2-26,World,pcgdpppp,0.3%/y tolerance 2005-2020,0.46538087407604656
REMIND-MAGPIE,SSP2-26,World,pop,0.3%/y tolerance 2005-2020,-0.12457330027629321
REMIND-MAGPIE,SSP2-34,World,co2intensity,0.3%/y tolerance 2005-2020,-0.012131306506821815
REMIND-MAGPIE,SSP2-34,World,energyintensity,0.3%/y tolerance 2005-2020,-0.2642517623436691
REMIND-MAGPIE,SSP2-34,World,fossilco2,0.3%/y tolerance 2005-2020,0.06442450494926244
REMIND-MAGPIE,SSP2-34,World,pcgdpppp,0.3%/y tolerance 2005-2020,0.46538087407604656
REMIND-MAGPIE,SSP2-34,World,pop,0.3%/y tolerance 2005-2020,-0.12457330027629321
REMIND-MAGPIE,SSP2-45,World,co2intensity,0.3%/y tolerance 2005-2020,-0.012131306506821815
REMIND-MAGPIE,SSP2-45,World,energyintensity,0.3%/y tolerance 2005-2020,-0.2642517623436691
REMIND-MAGPIE,SSP2-45,World,fossilco2,0.3%/y tolerance 2005-2020,0.06442450494926244
REMIND-MAGPIE,SSP2-45,World,pcgdpppp,0.3%/y tolerance 2005-2020,0.46538087407604656
REMIND-MAGPIE,SSP2-45,World,pop,0.3%/y tolerance 2005-2020,-0.12457330027629321
REMIND-MAGPIE,SSP2-60,World,co2intensity,0.3%/y tolerance 2005-2020,-0.012131306506821815
REMIND-MAGPIE,SSP2-60,World,energyintensity,0.3%/y tolerance 2005-2020,-0.2642517623436691
REMIND-MAGPIE,SSP2-60,World,fossilco2,0.3%/y tolerance 2005-2020,0.06442450494926244
REMIND-MAGPIE,SSP2-60,World,pcgdpppp,0.3%/y tolerance 2005-2020,0.46538087407604656
REMIND-MAGPIE,SSP2-60,World,pop,0.3%/y tolerance 2005-2020,-0.12457330027629321
REMIND-MAGPIE,SSP2-Baseline,World,co2intensity,0.3%/y tolerance 2005-2020,0.09569332529928265
REMIND-MAGPIE,SSP2-Baseline,World,energyintensity,0.3%/y tolerance 2005-2020,-0.17282373036496002
REMIND-MAGPIE,SSP2-Baseline,World,fossilco2,0.3%/y tolerance 2005-2020,0.2768393974255279
REMIND-MAGPIE,SSP2-Baseline,World,pcgdpppp,0.3%/y tolerance 2005-2020,0.47854310276749845
REMIND-MAGPIE,SSP2-Baseline,World,pop,0.3%/y tolerance 2005-2020,-0.12457330027629321
REMIND-MAGPIE,SSP5-19,World,co2intensity,0.3%/y tolerance 2005-2020,-0.15697816110426932
REMIND-MAGPIE,SSP5-19,World,energyintensity,0.3%/y tolerance 2005-2020,-0.1026413521542664
REMIND-MAGPIE,SSP5-19,World,fossilco2,0.3%/y tolerance 2005-2020,0.12714261637663715
REMIND-MAGPIE,SSP5-19,World,pcgdpppp,0.3%/y tolerance 2005-2020,0.5868244963122979
REMIND-MAGPIE,SSP5-19,World,pop,0.3%/y tolerance 2005-2020,-0.20006236667712507
REMIND-MAGPIE,SSP5-26,World,co2intensity,0.3%/y tolerance 2005-2020,-0.15697816110426932
REMIND-MAGPIE,SSP5-26,World,energyintensity,0.3%/y tolerance 2005-2020,-0.1026413521542664
REMIND-MAGPIE,SSP5-26,World,fossilco2,0.3%/y tolerance 2005-2020,0.12714261637663715
REMIND-MAGPIE,SSP5-26,World,pcgdpppp,0.3%/y tolerance 2005-2020,0.5868244963122979
REMIND-MAGPIE,SSP5-26,World,pop,0.3%/y tolerance 2005-2020,-0.20006236667712507
REMIND-MAGPIE,SSP5-34,World,co2intensity,0.3%/y tolerance 2005-2020,-0.15697816110426932
REMIND-MAGPIE,SSP5-34,World,energyintensity,0.3%/y tolerance 2005-2020,-0.1026413521542664
REMIND-MAGPIE,SSP5-34,World,fossilco2,0.3%/y tolerance 2005-2020,0.12714261637663715
REMIND-MAGPIE,SSP5-34,World,pcgdpppp,0.3%/y tolerance 2005-2020,0.5868244963122979
REMIND-MAGPIE,SSP5-34,World,pop,0.3%/y tolerance 2005-2020,-0.20006236667712507
REMIND-MAGPIE,SSP5-45,World,co2intensity,0.3%/y tolerance 2005-2020,-0.15697816110426932
REMIND-MAGPIE,SSP5-45,World,energyintensity,0.3%/y tolerance 2005-2020,-0.1026413521542664
REMIND-MAGPIE,SSP5-45,World,fossilco2,0.3%/y tolerance 2005-2020,0.12714261637663715
REMIND-MAGPIE,SSP5-45,World,pcgdpppp,0.3%/y tolerance 2005-2020,0.5868244963122979
REMIND-MAGPIE,SSP5-45,World,pop,0.3%/y tolerance 2005-2020,-0.20006236667712507
REMIND-MAGPIE,SSP5-60,World,co2intensity,0.3%/y tolerance 2005-2020,-0.15697816110426932
REMIND-MAGPIE,SSP5-60,World,energyintensity,0.3%/y tolerance 2005-2020,-0.1026413521542664
REMIND-MAGPIE,SSP5-60,World,fossilco2,0.3%/y tolerance 2005-2020,0.12714261637663715
REMIND-MAGPIE,SSP5-60,World,pcgdpppp,0.3%/y tolerance 2005-2020,0.5868244963122979
REMIND-MAGPIE,SSP5-60,World,pop,0.3%/y tolerance 2005-2020,-0.20006236667712507
WITCH-GLOBIOM,SSP1-19,World,co2intensity,0.3%/y tolerance 2005-2020,-0.11849625599030444
WITCH-GLOBIOM,SSP1-19,World,energyintensity,0.3%/y tolerance 2005-2020,-0.36438862475525746
WITCH-GLOBIOM,SSP1-19,World,fossilco2,0.3%/y tolerance 2005-2020,-0.2736085856702559
WITCH-GLOBIOM,SSP1-19,World,pcgdpppp,0.3%/y tolerance 2005-2020,0.4088909286726641
WITCH-GLOBIOM,SSP1-19,World,pop,0.3%/y tolerance 2005-2020,-0.1996146335973581
WITCH-GLOBIOM,SSP1-26,World,co2intensity,0.3%/y tolerance 2005-2020,-0.23510520176337768
WITCH-GLOBIOM,SSP1-26,World,energyintensity,0.3%/y tolerance 2005-2020,0.18062568384430633
WITCH-GLOBIOM,SSP1-26,World,fossilco2,0.3%/y tolerance 2005-2020,0.17031155635138795
WITCH-GLOBIOM,SSP1-26,World,pcgdpppp,0.3%/y tolerance 2005-2020,0.4244057078678174
WITCH-GLOBIOM,SSP1-26,World,pop,0.3%/y tolerance 2005-2020,-0.1996146335973581
WITCH-GLOBIOM,SSP1-34,World,co2intensity,0.3%/y tolerance 2005-2020,-0.15685557280026385
WITCH-GLOBIOM,SSP1-34,World,energyintensity,0.3%/y tolerance 2005-2020,0.13736753565457782
WITCH-GLOBIOM,SSP1-34,World,fossilco2,0.3%/y tolerance 2005-2020,0.20388792367435293
WITCH-GLOBIOM,SSP1-34,World,pcgdpppp,0.3%/y tolerance 2005-2020,0.42299059441739706
WITCH-GLOBIOM,SSP1-34,World,pop,0.3%/y tolerance 2005-2020,-0.1996146335973581
WITCH-GLOBIOM,SSP1-45,World,co2intensity,0.3%/y tolerance 2005-2020,-0.14318717821092908
WITCH-GLOBIOM,SSP1-45,World,energyintensity,0.3%/y tolerance 2005-2020,0.061455795896601995
WITCH-GLOBIOM,SSP1-45,World,fossilco2,0.3%/y tolerance 2005-2020,0.13726562314864732
WITCH-GLOBIOM,SSP1-45,World,pcgdpppp,0.3%/y tolerance 2005-2020,0.4186116390603325
WITCH-GLOBIOM,SSP1-45,World,pop,0.3%/y tolerance 2005-2020,-0.1996146335973581
WITCH-GLOBIOM,SSP1-60,World,co2intensity,0.3%/y tolerance 2005-2020,-0.11751043746542988
WITCH-GLOBIOM,SSP1-60,World,energyintensity,0.3%/y tolerance 2005-2020,0.011975788913405783
WITCH-GLOBIOM,SSP1-60,World,fossilco2,0.3%/y tolerance 2005-2020,0.11222148544806432
WITCH-GLOBIOM,SSP1-60,World,pcgdpppp,0.3%/y tolerance 2005-2020,0.4173707675974465
WITCH-GLOBIOM,SSP1-60,World,pop,0.3%/y tolerance 2005-2020,-0.1996146335973581
WITCH-GLOBIOM,SSP2-26,World,co2intensity,0.3%/y tolerance 2005-2020,-0.4294493638585659
WITCH-GLOBIOM,SSP2-26,World,energyintensity,0.3%/y tolerance 2005-2020,0.09390575377173027
WITCH-GLOBIOM,SSP2-26,World,fossilco2,0.3%/y tolerance 2005-2020,-0.14851318870326757
WITCH-GLOBIOM,SSP2-26,World,pcgdpppp,0.3%/y tolerance 2005-2020,0.303070062909611
WITCH-GLOBIOM,SSP2-26,World,pop,0.3%/y tolerance 2005-2020,-0.11603964152604296
WITCH-GLOBIOM,SSP2-34,World,co2intensity,0.3%/y tolerance 2005-2020,-0.24925671069082322
WITCH-GLOBIOM,SSP2-34,World,energyintensity,0.3%/y tolerance 2005-2020,0.2880666442234625
WITCH-GLOBIOM,SSP2-34,World,fossilco2,0.3%/y tolerance 2005-2020,0.23660654615488808
WITCH-GLOBIOM,SSP2-34,World,pcgdpppp,0.3%/y tolerance 2005-2020,0.31383625414829175
WITCH-GLOBIOM,SSP2-34,World,pop,0.3%/y tolerance 2005-2020,-0.11603964152604296
WITCH-GLOBIOM,SSP3-34,World,co2intensity,0.3%/y tolerance 2005-2020,-0.30949282806772316
WITCH-GLOBIOM,SSP3-34,World,energyintensity,0.3%/y tolerance 2005-2020,0.330790944043023
WITCH-GLOBIOM,SSP3-34,World,fossilco2,0.3%/y tolerance 2005-2020,0.1421051294292841
WITCH-GLOBIOM,SSP3-34,World,pcgdpppp,0.3%/y tolerance 2005-2020,0.1717912047979906
WITCH-GLOBIOM,SSP3-34,World,pop,0.3%/y tolerance 2005-2020,-0.050984191344006335
WITCH-GLOBIOM,SSP4-19,World,co2intensity,0.3%/y tolerance 2005-2020,-0.04028079514842364
WITCH-GLOBIOM,SSP4-19,World,energyintensity,0.3%/y tolerance 2005-2020,-0.017961184790585172
WITCH-GLOBIOM,SSP4-19,World,fossilco2,0.3%/y tolerance 2005-2020,0.1070338084044633
WITCH-GLOBIOM,SSP4-19,World,pcgdpppp,0.3%/y tolerance 2005-2020,0.2915124452106117
WITCH-GLOBIOM,SSP4-19,World,pop,0.3%/y tolerance 2005-2020,-0.12623665686713959
WITCH-GLOBIOM,SSP5-34,World,co2intensity,0.3%/y tolerance 2005-2020,-0.2950853193051224
WITCH-GLOBIOM,SSP5-34,World,energyintensity,0.3%/y tolerance 2005-2020,-0.07643246408169313
WITCH-GLOBIOM,SSP5-34,World,fossilco2,0.3%/y tolerance 2005-2020,-0.08233638362456541
WITCH-GLOBIOM,SSP5-34,World,pcgdpppp,0.3%/y tolerance 2005-2020,0.4807479860507753
WITCH-GLOBIOM,SSP5-34,World,pop,0.3%/y tolerance 2005-2020,-0.1915665862885252
WITCH-GLOBIOM,SSP5-45,World,co2intensity,0.3%/y tolerance 2005-2020,-0.13317264094336134
WITCH-GLOBIOM,SSP5-45,World,energyintensity,0.3%/y tolerance 2005-2020,0.10480926591029349
WITCH-GLOBIOM,SSP5-45,World,fossilco2,0.3%/y tolerance 2005-2020,0.26670506169272024
WITCH-GLOBIOM,SSP5-45,World,pcgdpppp,0.3%/y tolerance 2005-2020,0.4866350230143133
WITCH-GLOBIOM,SSP5-45,World,pop,0.3%/y tolerance 2005-2020,-0.1915665862885252
AIM/CGE,SSP1-19,World,co2intensity,Other Scenarios,0.03005499748302809
AIM/CGE,SSP1-19,World,energyintensity,Other Scenarios,-1.1394149240759277
AIM/CGE,SSP1-19,World,fossilco2,Other Scenarios,-0.7132451136152707
AIM/CGE,SSP1-19,World,pcgdpppp,Other Scenarios,0.6019347427496526
AIM/CGE,SSP1-19,World,pop,Other Scenarios,-0.20581992977202357
AIM/CGE,SSP1-26,World,co2intensity,Other Scenarios,0.03109383582914116
AIM/CGE,SSP1-26,World,energyintensity,Other Scenarios,-1.1377379919290482
AIM/CGE,SSP1-26,World,fossilco2,Other Scenarios,-0.7104222229566453
AIM/CGE,SSP1-26,World,pcgdpppp,Other Scenarios,0.6020418629152855
AIM/CGE,SSP1-26,World,pop,Other Scenarios,-0.20581992977202357
AIM/CGE,SSP1-34,World,co2intensity,Other Scenarios,0.03109383582914116
AIM/CGE,SSP1-34,World,energyintensity,Other Scenarios,-1.1377379919290482
AIM/CGE,SSP1-34,World,fossilco2,Other Scenarios,-0.7104222229566453
AIM/CGE,SSP1-34,World,pcgdpppp,Other Scenarios,0.6020418629152855
AIM/CGE,SSP1-34,World,pop,Other Scenarios,-0.20581992977202357
AIM/CGE,SSP1-45,World,co2intensity,Other Scenarios,-0.007882954902832195
AIM/CGE,SSP1-45,World,energyintensity,Other Scenarios,-1.1931047189324873
AIM/CGE,SSP1-45,World,fossilco2,Other Scenarios,-0.8069864895548218
AIM/CGE,SSP1-45,World,pcgdpppp,Other Scenarios,0.5998211140525214
AIM/CGE,SSP1-45,World,pop,Other Scenarios,-0.20581992977202357
AIM/CGE,SSP1-Baseline,World,co2intensity,Other Scenarios,0.14672746588392882
AIM/CGE,SSP1-Baseline,World,energyintensity,Other Scenarios,-0.97529826822026
AIM/CGE,SSP1-Baseline,World,fossilco2,Other Scenarios,-0.4313481106901338
AIM/CGE,SSP1-Baseline,World,pcgdpppp,Other Scenarios,0.603042621418221
AIM/CGE,SSP1-Baseline,World,pop,Other Scenarios,-0.20581992977202357
AIM/CGE,SSP2-Baseline,World,co2intensity,Other Scenarios,0.22134635430378835
AIM/CGE,SSP2-Baseline,World,energyintensity,Other Scenarios,-0.16619897929034932
AIM/CGE,SSP2-Baseline,World,fossilco2,Other Scenarios,0.43175760034991995
AIM/CGE,SSP2-Baseline,World,pcgdpppp,Other Scenarios,0.49933827695776767
AIM/CGE,SSP2-Baseline,World,pop,Other Scenarios,-0.12272805162128675
AIM/CGE,SSP3-34,World,co2intensity,Other Scenarios,0.06382170105028728
AIM/CGE,SSP3-34,World,energyintensity,Other Scenarios,-0.058440971728102475
AIM/CGE,SSP3-34,World,fossilco2,Other Scenarios,0.32589817426983037
AIM/CGE,SSP3-34,World,pcgdpppp,Other Scenarios,0.3786763388440779
AIM/CGE,SSP3-34,World,pop,Other Scenarios,-0.05815889389643236
AIM/CGE,SSP3-45,World,co2intensity,Other Scenarios,0.06382170105028728
AIM/CGE,SSP3-45,World,energyintensity,Other Scenarios,-0.058440971728102475
AIM/CGE,SSP3-45,World,fossilco2,Other Scenarios,0.32589817426983037
AIM/CGE,SSP3-45,World,pcgdpppp,Other Scenarios,0.3786763388440779
AIM/CGE,SSP3-45,World,pop,Other Scenarios,-0.05815889389643236
AIM/CGE,SSP3-60,World,co2intensity,Other Scenarios,0.06382170105028728
AIM/CGE,SSP3-60,World,energyintensity,Other Scenarios,-0.058440971728102475
AIM/CGE,SSP3-60,World,fossilco2,Other Scenarios,0.32589817426983037
AIM/CGE,SSP3-60,World,pcgdpppp,Other Scenarios,0.3786763388440779
AIM/CGE,SSP3-60,World,pop,Other Scenarios,-0.05815889389643236
AIM/CGE,SSP3-Baseline,World,co2intensity,Other Scenarios,0.15648697752429097
AIM/CGE,SSP3-Baseline,World,energyintensity,Other Scenarios,0.08794581655948597
AIM/CGE,SSP3-Baseline,World,fossilco2,Other Scenarios,0.5681761446881681
AIM/CGE,SSP3-Baseline,World,pcgdpppp,Other Scenarios,0.38190224450082355
AIM/CGE,SSP3-Baseline,World,pop,Other Scenarios,-0.05815889389643236
AIM/CGE,SSP5-Baseline,World,co2intensity,Other Scenarios,0.28854826830634095
AIM/CGE,SSP5-Baseline,World,energyintensity,Other Scenarios,-0.35934099853329293
AIM/CGE,SSP5-Baseline,World,fossilco2,Other Scenarios,0.3985602109196138
AIM/CGE,SSP5-Baseline,World,pcgdpppp,Other Scenarios,0.6673376287292736
AIM/CGE,SSP5-Baseline,World,pop,Other Scenarios,-0.19798468758270782
GCAM4,SSP1-19,World,co2intensity,Other Scenarios,NA
GCAM4,SSP1-19,World,energyintensity,Other Scenarios,NA
GCAM4,SSP1-19,World,fossilco2,Other Scenarios,NA
GCAM4,SSP1-19,World,pcgdpppp,Other Scenarios,NA
GCAM4,SSP1-19,World,pop,Other Scenarios,NA
GCAM4,SSP1-26,World,co2intensity,Other Scenarios,NA
GCAM4,SSP1-26,World,energyintensity,Other Scenarios,NA
GCAM4,SSP1-26,World,fossilco2,Other Scenarios,NA
GCAM4,SSP1-26,World,pcgdpppp,Other Scenarios,NA
GCAM4,SSP1-26,World,pop,Other Scenarios,NA
GCAM4,SSP1-34,World,co2intensity,Other Scenarios,NA
GCAM4,SSP1-34,World,energyintensity,Other Scenarios,NA
GCAM4,SSP1-34,World,fossilco2,Other Scenarios,NA
GCAM4,SSP1-34,World,pcgdpppp,Other Scenarios,NA
GCAM4,SSP1-34,World,pop,Other Scenarios,NA
GCAM4,SSP1-45,World,co2intensity,Other Scenarios,NA
GCAM4,SSP1-45,World,energyintensity,Other Scenarios,NA
GCAM4,SSP1-45,World,fossilco2,Other Scenarios,NA
GCAM4,SSP1-45,World,pcgdpppp,Other Scenarios,NA
GCAM4,SSP1-45,World,pop,Other Scenarios,NA
GCAM4,SSP1-Baseline,World,co2intensity,Other Scenarios,NA
GCAM4,SSP1-Baseline,World,energyintensity,Other Scenarios,NA
GCAM4,SSP1-Baseline,World,fossilco2,Other Scenarios,NA
GCAM4,SSP1-Baseline,World,pcgdpppp,Other Scenarios,NA
GCAM4,SSP1-Baseline,World,pop,Other Scenarios,NA
GCAM4,SSP2-19,World,co2intensity,Other Scenarios,NA
GCAM4,SSP2-19,World,energyintensity,Other Scenarios,NA
GCAM4,SSP2-19,World,fossilco2,Other Scenarios,NA
GCAM4,SSP2-19,World,pcgdpppp,Other Scenarios,NA
GCAM4,SSP2-19,World,pop,Other Scenarios,NA
GCAM4,SSP2-26,World,co2intensity,Other Scenarios,NA
GCAM4,SSP2-26,World,energyintensity,Other Scenarios,NA
GCAM4,SSP2-26,World,fossilco2,Other Scenarios,NA
GCAM4,SSP2-26,World,pcgdpppp,Other Scenarios,NA
GCAM4,SSP2-26,World,pop,Other Scenarios,NA
GCAM4,SSP2-34,World,co2intensity,Other Scenarios,NA
GCAM4,SSP2-34,World,energyintensity,Other Scenarios,NA
GCAM4,SSP2-34,World,fossilco2,Other Scenarios,NA
GCAM4,SSP2-34,World,pcgdpppp,Other Scenarios,NA
GCAM4,SSP2-34,World,pop,Other Scenarios,NA
GCAM4,SSP2-45,World,co2intensity,Other Scenarios,NA
GCAM4,SSP2-45,World,energyintensity,Other Scenarios,NA
GCAM4,SSP2-45,World,fossilco2,Other Scenarios,NA
GCAM4,SSP2-45,World,pcgdpppp,Other Scenarios,NA
GCAM4,SSP2-45,World,pop,Other Scenarios,NA
GCAM4,SSP2-60,World,co2intensity,Other Scenarios,NA
GCAM4,SSP2-60,World,energyintensity,Other Scenarios,NA
GCAM4,SSP2-60,World,fossilco2,Other Scenarios,NA
GCAM4,SSP2-60,World,pcgdpppp,Other Scenarios,NA
GCAM4,SSP2-60,World,pop,Other Scenarios,NA
GCAM4,SSP2-Baseline,World,co2intensity,Other Scenarios,NA
GCAM4,SSP2-Baseline,World,energyintensity,Other Scenarios,NA
GCAM4,SSP2-Baseline,World,fossilco2,Other Scenarios,NA
GCAM4,SSP2-Baseline,World,pcgdpppp,Other Scenarios,NA
GCAM4,SSP2-Baseline,World,pop,Other Scenarios,NA
GCAM4,SSP3-Baseline,World,co2intensity,Other Scenarios,NA
GCAM4,SSP3-Baseline,World,energyintensity,Other Scenarios,NA
GCAM4,SSP3-Baseline,World,fossilco2,Other Scenarios,NA
GCAM4,SSP3-Baseline,World,pcgdpppp,Other Scenarios,NA
GCAM4,SSP3-Baseline,World,pop,Other Scenarios,NA
GCAM4,SSP4-26,World,co2intensity,Other Scenarios,NA
GCAM4,SSP4-26,World,energyintensity,Other Scenarios,NA
GCAM4,SSP4-26,World,fossilco2,Other Scenarios,NA
GCAM4,SSP4-26,World,pcgdpppp,Other Scenarios,NA
GCAM4,SSP4-26,World,pop,Other Scenarios,NA
GCAM4,SSP4-34,World,co2intensity,Other Scenarios,NA
GCAM4,SSP4-34,World,energyintensity,Other Scenarios,NA
GCAM4,SSP4-34,World,fossilco2,Other Scenarios,NA
GCAM4,SSP4-34,World,pcgdpppp,Other Scenarios,NA
GCAM4,SSP4-34,World,pop,Other Scenarios,NA
GCAM4,SSP4-45,World,co2intensity,Other Scenarios,NA
GCAM4,SSP4-45,World,energyintensity,Other Scenarios,NA
GCAM4,SSP4-45,World,fossilco2,Other Scenarios,NA
GCAM4,SSP4-45,World,pcgdpppp,Other Scenarios,NA
GCAM4,SSP4-45,World,pop,Other Scenarios,NA
GCAM4,SSP4-60,World,co2intensity,Other Scenarios,NA
GCAM4,SSP4-60,World,energyintensity,Other Scenarios,NA
GCAM4,SSP4-60,World,fossilco2,Other Scenarios,NA
GCAM4,SSP4-60,World,pcgdpppp,Other Scenarios,NA
GCAM4,SSP4-60,World,pop,Other Scenarios,NA
GCAM4,SSP4-Baseline,World,co2intensity,Other Scenarios,-0.020483421161830773
GCAM4,SSP4-Baseline,World,energyintensity,Other Scenarios,0.2788774905544591
GCAM4,SSP4-Baseline,World,fossilco2,Other Scenarios,0.505032626723289
GCAM4,SSP4-Baseline,World,pcgdpppp,Other Scenarios,0.38306804953730733
GCAM4,SSP4-Baseline,World,pop,Other Scenarios,-0.13642949220664669
GCAM4,SSP5-19,World,co2intensity,Other Scenarios,NA
GCAM4,SSP5-19,World,energyintensity,Other Scenarios,NA
GCAM4,SSP5-19,World,fossilco2,Other Scenarios,NA
GCAM4,SSP5-19,World,pcgdpppp,Other Scenarios,NA
GCAM4,SSP5-19,World,pop,Other Scenarios,NA
GCAM4,SSP5-26,World,co2intensity,Other Scenarios,NA
GCAM4,SSP5-26,World,energyintensity,Other Scenarios,NA
GCAM4,SSP5-26,World,fossilco2,Other Scenarios,NA
GCAM4,SSP5-26,World,pcgdpppp,Other Scenarios,NA
GCAM4,SSP5-26,World,pop,Other Scenarios,NA
GCAM4,SSP5-34,World,co2intensity,Other Scenarios,NA
GCAM4,SSP5-34,World,energyintensity,Other Scenarios,NA
GCAM4,SSP5-34,World,fossilco2,Other Scenarios,NA
GCAM4,SSP5-34,World,pcgdpppp,Other Scenarios,NA
GCAM4,SSP5-34,World,pop,Other Scenarios,NA
GCAM4,SSP5-45,World,co2intensity,Other Scenarios,NA
GCAM4,SSP5-45,World,energyintensity,Other Scenarios,NA
GCAM4,SSP5-45,World,fossilco2,Other Scenarios,NA
GCAM4,SSP5-45,World,pcgdpppp,Other Scenarios,NA
GCAM4,SSP5-45,World,pop,Other Scenarios,NA
GCAM4,SSP5-60,World,co2intensity,Other Scenarios,NA
GCAM4,SSP5-60,World,energyintensity,Other Scenarios,NA
GCAM4,SSP5-60,World,fossilco2,Other Scenarios,NA
GCAM4,SSP5-60,World,pcgdpppp,Other Scenarios,NA
GCAM4,SSP5-60,World,pop,Other Scenarios,NA
GCAM4,SSP5-Baseline,World,co2intensity,Other Scenarios,NA
GCAM4,SSP5-Baseline,World,energyintensity,Other Scenarios,NA
GCAM4,SSP5-Baseline,World,fossilco2,Other Scenarios,NA
GCAM4,SSP5-Baseline,World,pcgdpppp,Other Scenarios,NA
GCAM4,SSP5-Baseline,World,pop,Other Scenarios,NA
IMAGE,SSP1-19,World,co2intensity,Other Scenarios,-0.16555209886146427
IMAGE,SSP1-19,World,energyintensity,Other Scenarios,-1.5922279119508935
IMAGE,SSP1-19,World,fossilco2,Other Scenarios,-1.4604532954931464
IMAGE,SSP1-19,World,pcgdpppp,Other Scenarios,0.5022753587800113
IMAGE,SSP1-19,World,pop,Other Scenarios,-0.20494864346079988
IMAGE,SSP1-26,World,co2intensity,Other Scenarios,0.05022316190093368
IMAGE,SSP1-26,World,energyintensity,Other Scenarios,-0.7951138136442608
IMAGE,SSP1-26,World,fossilco2,Other Scenarios,-0.44756393642411574
IMAGE,SSP1-26,World,pcgdpppp,Other Scenarios,0.5022753587800113
IMAGE,SSP1-26,World,pop,Other Scenarios,-0.20494864346079988
IMAGE,SSP2-26,World,co2intensity,Other Scenarios,-0.27159733090563254
IMAGE,SSP2-26,World,energyintensity,Other Scenarios,-0.5117839634119024
IMAGE,SSP2-26,World,fossilco2,Other Scenarios,-0.5000221631016102
IMAGE,SSP2-26,World,pcgdpppp,Other Scenarios,0.40488640646473795
IMAGE,SSP2-26,World,pop,Other Scenarios,-0.12152727524881324
IMAGE,SSP4-26,World,co2intensity,Other Scenarios,-0.31417603415985884
IMAGE,SSP4-26,World,energyintensity,Other Scenarios,-1.1342157658547545
IMAGE,SSP4-26,World,fossilco2,Other Scenarios,-1.0310823733807726
IMAGE,SSP4-26,World,pcgdpppp,Other Scenarios,0.5486645148393876
IMAGE,SSP4-26,World,pop,Other Scenarios,-0.13135508820554698
IMAGE,SSP4-34,World,co2intensity,Other Scenarios,-0.18584743112505198
IMAGE,SSP4-34,World,energyintensity,Other Scenarios,-0.6570196621539368
IMAGE,SSP4-34,World,fossilco2,Other Scenarios,-0.42555766664514816
IMAGE,SSP4-34,World,pcgdpppp,Other Scenarios,0.5486645148393876
IMAGE,SSP4-34,World,pop,Other Scenarios,-0.13135508820554698
IMAGE,SSP4-45,World,co2intensity,Other Scenarios,-0.15961471666460447
IMAGE,SSP4-45,World,energyintensity,Other Scenarios,-0.5953274002593438
IMAGE,SSP4-45,World,fossilco2,Other Scenarios,-0.3376326902901077
IMAGE,SSP4-45,World,pcgdpppp,Other Scenarios,0.5486645148393876
IMAGE,SSP4-45,World,pop,Other Scenarios,-0.13135508820554698
IMAGE,SSP4-60,World,co2intensity,Other Scenarios,-0.1583276336875068
IMAGE,SSP4-60,World,energyintensity,Other Scenarios,-0.5927547530237622
IMAGE,SSP4-60,World,fossilco2,Other Scenarios,-0.3337729600774284
IMAGE,SSP4-60,World,pcgdpppp,Other Scenarios,0.5486645148393876
IMAGE,SSP4-60,World,pop,Other Scenarios,-0.13135508820554698
IMAGE,SSP5-Baseline,World,co2intensity,Other Scenarios,-0.05085436009738187
IMAGE,SSP5-Baseline,World,energyintensity,Other Scenarios,-0.09796773620856825
IMAGE,SSP5-Baseline,World,fossilco2,Other Scenarios,0.3974977073314625
IMAGE,SSP5-Baseline,World,pcgdpppp,Other Scenarios,0.7435153051206221
IMAGE,SSP5-Baseline,World,pop,Other Scenarios,-0.19719550148320952
MESSAGE-GLOBIOM,SSP1-19,World,co2intensity,Other Scenarios,-0.20736025671295355
MESSAGE-GLOBIOM,SSP1-19,World,energyintensity,Other Scenarios,-0.9272954720024773
MESSAGE-GLOBIOM,SSP1-19,World,fossilco2,Other Scenarios,-0.7690938345038993
MESSAGE-GLOBIOM,SSP1-19,World,pcgdpppp,Other Scenarios,0.5951728923830992
MESSAGE-GLOBIOM,SSP1-19,World,pop,Other Scenarios,-0.22961099817156772
MESSAGE-GLOBIOM,SSP1-26,World,co2intensity,Other Scenarios,-0.24219867276099993
MESSAGE-GLOBIOM,SSP1-26,World,energyintensity,Other Scenarios,-0.9215424219618051
MESSAGE-GLOBIOM,SSP1-26,World,fossilco2,Other Scenarios,-0.7956589815643897
MESSAGE-GLOBIOM,SSP1-26,World,pcgdpppp,Other Scenarios,0.597693111329983
MESSAGE-GLOBIOM,SSP1-26,World,pop,Other Scenarios,-0.22961099817156772
MESSAGE-GLOBIOM,SSP1-34,World,co2intensity,Other Scenarios,-0.196386331095188
MESSAGE-GLOBIOM,SSP1-34,World,energyintensity,Other Scenarios,-0.919140859456506
MESSAGE-GLOBIOM,SSP1-34,World,fossilco2,Other Scenarios,-0.7420393624280693
MESSAGE-GLOBIOM,SSP1-34,World,pcgdpppp,Other Scenarios,0.6030988262951924
MESSAGE-GLOBIOM,SSP1-34,World,pop,Other Scenarios,-0.22961099817156772
MESSAGE-GLOBIOM,SSP1-45,World,co2intensity,Other Scenarios,-0.1892963914922391
MESSAGE-GLOBIOM,SSP1-45,World,energyintensity,Other Scenarios,-0.9150029242026598
MESSAGE-GLOBIOM,SSP1-45,World,fossilco2,Other Scenarios,-0.7283468319369303
MESSAGE-GLOBIOM,SSP1-45,World,pcgdpppp,Other Scenarios,0.6055634819295364
MESSAGE-GLOBIOM,SSP1-45,World,pop,Other Scenarios,-0.22961099817156772
MESSAGE-GLOBIOM,SSP1-Baseline,World,co2intensity,Other Scenarios,-0.15833092361948387
MESSAGE-GLOBIOM,SSP1-Baseline,World,energyintensity,Other Scenarios,-0.8912703843321081
MESSAGE-GLOBIOM,SSP1-Baseline,World,fossilco2,Other Scenarios,-0.6729851660007007
MESSAGE-GLOBIOM,SSP1-Baseline,World,pcgdpppp,Other Scenarios,0.606227140122459
MESSAGE-GLOBIOM,SSP1-Baseline,World,pop,Other Scenarios,-0.22961099817156772
MESSAGE-GLOBIOM,SSP2-19,World,co2intensity,Other Scenarios,-0.3060858817500971
MESSAGE-GLOBIOM,SSP2-19,World,energyintensity,Other Scenarios,-0.5567353764764809
MESSAGE-GLOBIOM,SSP2-19,World,fossilco2,Other Scenarios,-0.5234654861584105
MESSAGE-GLOBIOM,SSP2-19,World,pcgdpppp,Other Scenarios,0.4854014747371356
MESSAGE-GLOBIOM,SSP2-19,World,pop,Other Scenarios,-0.1460457026689681
MESSAGE-GLOBIOM,SSP2-26,World,co2intensity,Other Scenarios,-0.34028415178741933
MESSAGE-GLOBIOM,SSP2-26,World,energyintensity,Other Scenarios,-0.5770163702323536
MESSAGE-GLOBIOM,SSP2-26,World,fossilco2,Other Scenarios,-0.5657916619486187
MESSAGE-GLOBIOM,SSP2-26,World,pcgdpppp,Other Scenarios,0.49755456274012233
MESSAGE-GLOBIOM,SSP2-26,World,pop,Other Scenarios,-0.1460457026689681
MESSAGE-GLOBIOM,SSP2-34,World,co2intensity,Other Scenarios,-0.3183903564185573
MESSAGE-GLOBIOM,SSP2-34,World,energyintensity,Other Scenarios,-0.5754594811017246
MESSAGE-GLOBIOM,SSP2-34,World,fossilco2,Other Scenarios,-0.5372579100960126
MESSAGE-GLOBIOM,SSP2-34,World,pcgdpppp,Other Scenarios,0.5026376300932374
MESSAGE-GLOBIOM,SSP2-34,World,pop,Other Scenarios,-0.1460457026689681
MESSAGE-GLOBIOM,SSP2-45,World,co2intensity,Other Scenarios,-0.29335521395499176
MESSAGE-GLOBIOM,SSP2-45,World,energyintensity,Other Scenarios,-0.5594585529536438
MESSAGE-GLOBIOM,SSP2-45,World,fossilco2,Other Scenarios,-0.4929209108578103
MESSAGE-GLOBIOM,SSP2-45,World,pcgdpppp,Other Scenarios,0.5059385587197933
MESSAGE-GLOBIOM,SSP2-45,World,pop,Other Scenarios,-0.1460457026689681
MESSAGE-GLOBIOM,SSP2-60,World,co2intensity,Other Scenarios,-0.2814285406245327
MESSAGE-GLOBIOM,SSP2-60,World,energyintensity,Other Scenarios,-0.5510515703647818
MESSAGE-GLOBIOM,SSP2-60,World,fossilco2,Other Scenarios,-0.47098020869157464
MESSAGE-GLOBIOM,SSP2-60,World,pcgdpppp,Other Scenarios,0.507545604966708
MESSAGE-GLOBIOM,SSP2-60,World,pop,Other Scenarios,-0.1460457026689681
MESSAGE-GLOBIOM,SSP2-Baseline,World,co2intensity,Other Scenarios,-0.24191050685865978
MESSAGE-GLOBIOM,SSP2-Baseline,World,energyintensity,Other Scenarios,-0.513342523766485
MESSAGE-GLOBIOM,SSP2-Baseline,World,fossilco2,Other Scenarios,-0.39300242800223684
MESSAGE-GLOBIOM,SSP2-Baseline,World,pcgdpppp,Other Scenarios,0.5082963052918761
MESSAGE-GLOBIOM,SSP2-Baseline,World,pop,Other Scenarios,-0.1460457026689681
MESSAGE-GLOBIOM,SSP3-34,World,co2intensity,Other Scenarios,-0.17599740607116088
MESSAGE-GLOBIOM,SSP3-34,World,energyintensity,Other Scenarios,0.36945795137977
MESSAGE-GLOBIOM,SSP3-34,World,fossilco2,Other Scenarios,0.47862100543697195
MESSAGE-GLOBIOM,SSP3-34,World,pcgdpppp,Other Scenarios,0.36614773370420317
MESSAGE-GLOBIOM,SSP3-34,World,pop,Other Scenarios,-0.08098727357584035
MESSAGE-GLOBIOM,SSP3-45,World,co2intensity,Other Scenarios,-0.13987472014693925
MESSAGE-GLOBIOM,SSP3-45,World,energyintensity,Other Scenarios,0.3858485835952792
MESSAGE-GLOBIOM,SSP3-45,World,fossilco2,Other Scenarios,0.5354893937922698
MESSAGE-GLOBIOM,SSP3-45,World,pcgdpppp,Other Scenarios,0.3705028039197702
MESSAGE-GLOBIOM,SSP3-45,World,pop,Other Scenarios,-0.08098727357584035
MESSAGE-GLOBIOM,SSP3-60,World,co2intensity,Other Scenarios,-0.07606060475281096
MESSAGE-GLOBIOM,SSP3-60,World,energyintensity,Other Scenarios,0.46144418429052814
MESSAGE-GLOBIOM,SSP3-60,World,fossilco2,Other Scenarios,0.6801427270631744
MESSAGE-GLOBIOM,SSP3-60,World,pcgdpppp,Other Scenarios,0.3757464211012975
MESSAGE-GLOBIOM,SSP3-60,World,pop,Other Scenarios,-0.08098727357584035
MESSAGE-GLOBIOM,SSP3-Baseline,World,co2intensity,Other Scenarios,0.1592962953157424
MESSAGE-GLOBIOM,SSP3-Baseline,World,energyintensity,Other Scenarios,0.5820982816767024
MESSAGE-GLOBIOM,SSP3-Baseline,World,fossilco2,Other Scenarios,1.0507648343071418
MESSAGE-GLOBIOM,SSP3-Baseline,World,pcgdpppp,Other Scenarios,0.3903575308905374
MESSAGE-GLOBIOM,SSP3-Baseline,World,pop,Other Scenarios,-0.08098727357584035
REMIND-MAGPIE,SSP1-19,World,co2intensity,Other Scenarios,-0.2884516595587737
REMIND-MAGPIE,SSP1-19,World,energyintensity,Other Scenarios,-0.9128706715415986
REMIND-MAGPIE,SSP1-19,World,fossilco2,Other Scenarios,-0.860514757300619
REMIND-MAGPIE,SSP1-19,World,pcgdpppp,Other Scenarios,0.5488195936215824
REMIND-MAGPIE,SSP1-19,World,pop,Other Scenarios,-0.20801201982182904
REMIND-MAGPIE,SSP1-26,World,co2intensity,Other Scenarios,-0.2884516595587737
REMIND-MAGPIE,SSP1-26,World,energyintensity,Other Scenarios,-0.9128706715415986
REMIND-MAGPIE,SSP1-26,World,fossilco2,Other Scenarios,-0.860514757300619
REMIND-MAGPIE,SSP1-26,World,pcgdpppp,Other Scenarios,0.5488195936215824
REMIND-MAGPIE,SSP1-26,World,pop,Other Scenarios,-0.20801201982182904
REMIND-MAGPIE,SSP1-34,World,co2intensity,Other Scenarios,-0.2884516595587737
REMIND-MAGPIE,SSP1-34,World,energyintensity,Other Scenarios,-0.9128706715415986
REMIND-MAGPIE,SSP1-34,World,fossilco2,Other Scenarios,-0.860514757300619
REMIND-MAGPIE,SSP1-34,World,pcgdpppp,Other Scenarios,0.5488195936215824
REMIND-MAGPIE,SSP1-34,World,pop,Other Scenarios,-0.20801201982182904
REMIND-MAGPIE,SSP1-45,World,co2intensity,Other Scenarios,-0.2884516595587737
REMIND-MAGPIE,SSP1-45,World,energyintensity,Other Scenarios,-0.9128706715415986
REMIND-MAGPIE,SSP1-45,World,fossilco2,Other Scenarios,-0.860514757300619
REMIND-MAGPIE,SSP1-45,World,pcgdpppp,Other Scenarios,0.5488195936215824
REMIND-MAGPIE,SSP1-45,World,pop,Other Scenarios,-0.20801201982182904
REMIND-MAGPIE,SSP1-Baseline,World,co2intensity,Other Scenarios,-0.15632349605293283
REMIND-MAGPIE,SSP1-Baseline,World,energyintensity,Other Scenarios,-0.8411003709904015
REMIND-MAGPIE,SSP1-Baseline,World,fossilco2,Other Scenarios,-0.656616293243581
REMIND-MAGPIE,SSP1-Baseline,World,pcgdpppp,Other Scenarios,0.5488195936215824
REMIND-MAGPIE,SSP1-Baseline,World,pop,Other Scenarios,-0.20801201982182904
REMIND-MAGPIE,SSP5-Baseline,World,co2intensity,Other Scenarios,-0.03223038712248716
REMIND-MAGPIE,SSP5-Baseline,World,energyintensity,Other Scenarios,-0.02777025129948174
REMIND-MAGPIE,SSP5-Baseline,World,fossilco2,Other Scenarios,0.32676149121320397
REMIND-MAGPIE,SSP5-Baseline,World,pcgdpppp,Other Scenarios,0.5868244963122979
REMIND-MAGPIE,SSP5-Baseline,World,pop,Other Scenarios,-0.20006236667712507
WITCH-GLOBIOM,SSP1-Baseline,World,co2intensity,Other Scenarios,0.03359519424200785
WITCH-GLOBIOM,SSP1-Baseline,World,energyintensity,Other Scenarios,0.18279772861307442
WITCH-GLOBIOM,SSP1-Baseline,World,fossilco2,Other Scenarios,0.4418608290968813
WITCH-GLOBIOM,SSP1-Baseline,World,pcgdpppp,Other Scenarios,0.4250825398391571
WITCH-GLOBIOM,SSP1-Baseline,World,pop,Other Scenarios,-0.1996146335973581
WITCH-GLOBIOM,SSP2-45,World,co2intensity,Other Scenarios,-0.17207582928845322
WITCH-GLOBIOM,SSP2-45,World,energyintensity,Other Scenarios,0.34996691559584003
WITCH-GLOBIOM,SSP2-45,World,fossilco2,Other Scenarios,0.38053908741993014
WITCH-GLOBIOM,SSP2-45,World,pcgdpppp,Other Scenarios,0.3186876426385863
WITCH-GLOBIOM,SSP2-45,World,pop,Other Scenarios,-0.11603964152604296
WITCH-GLOBIOM,SSP2-60,World,co2intensity,Other Scenarios,-0.13641908943816317
WITCH-GLOBIOM,SSP2-60,World,energyintensity,Other Scenarios,0.3516269262646581
WITCH-GLOBIOM,SSP2-60,World,fossilco2,Other Scenarios,0.41755148283718246
WITCH-GLOBIOM,SSP2-60,World,pcgdpppp,Other Scenarios,0.3183832875367305
WITCH-GLOBIOM,SSP2-60,World,pop,Other Scenarios,-0.11603964152604296
WITCH-GLOBIOM,SSP2-Baseline,World,co2intensity,Other Scenarios,0.05808330437903697
WITCH-GLOBIOM,SSP2-Baseline,World,energyintensity,Other Scenarios,0.6270155403342688
WITCH-GLOBIOM,SSP2-Baseline,World,fossilco2,Other Scenarios,0.8970445407001735
WITCH-GLOBIOM,SSP2-Baseline,World,pcgdpppp,Other Scenarios,0.3279853375129107
WITCH-GLOBIOM,SSP2-Baseline,World,pop,Other Scenarios,-0.11603964152604296
WITCH-GLOBIOM,SSP3-45,World,co2intensity,Other Scenarios,-0.0879426094963609
WITCH-GLOBIOM,SSP3-45,World,energyintensity,Other Scenarios,0.844433940035054
WITCH-GLOBIOM,SSP3-45,World,fossilco2,Other Scenarios,0.9007330659370865
WITCH-GLOBIOM,SSP3-45,World,pcgdpppp,Other Scenarios,0.1952259267423997
WITCH-GLOBIOM,SSP3-45,World,pop,Other Scenarios,-0.050984191344006335
WITCH-GLOBIOM,SSP3-60,World,co2intensity,Other Scenarios,-0.009399189029742683
WITCH-GLOBIOM,SSP3-60,World,energyintensity,Other Scenarios,0.980987612621022
WITCH-GLOBIOM,SSP3-60,World,fossilco2,Other Scenarios,1.1213194687023382
WITCH-GLOBIOM,SSP3-60,World,pcgdpppp,Other Scenarios,0.20071523645506528
WITCH-GLOBIOM,SSP3-60,World,pop,Other Scenarios,-0.050984191344006335
WITCH-GLOBIOM,SSP3-Baseline,World,co2intensity,Other Scenarios,0.13580162779686145
WITCH-GLOBIOM,SSP3-Baseline,World,energyintensity,Other Scenarios,1.2419274533353344
WITCH-GLOBIOM,SSP3-Baseline,World,fossilco2,Other Scenarios,1.5315852242581316
WITCH-GLOBIOM,SSP3-Baseline,World,pcgdpppp,Other Scenarios,0.2048403344699421
WITCH-GLOBIOM,SSP3-Baseline,World,pop,Other Scenarios,-0.050984191344006335
WITCH-GLOBIOM,SSP4-26,World,co2intensity,Other Scenarios,-0.17494799276234652
WITCH-GLOBIOM,SSP4-26,World,energyintensity,Other Scenarios,0.5814157291001927
WITCH-GLOBIOM,SSP4-26,World,fossilco2,Other Scenarios,0.5931607152912683
WITCH-GLOBIOM,SSP4-26,World,pcgdpppp,Other Scenarios,0.31292963582056177
WITCH-GLOBIOM,SSP4-26,World,pop,Other Scenarios,-0.12623665686713959
WITCH-GLOBIOM,SSP4-34,World,co2intensity,Other Scenarios,-0.12547560745168163
WITCH-GLOBIOM,SSP4-34,World,energyintensity,Other Scenarios,0.5080310802462737
WITCH-GLOBIOM,SSP4-34,World,fossilco2,Other Scenarios,0.563590187465725
WITCH-GLOBIOM,SSP4-34,World,pcgdpppp,Other Scenarios,0.30727137153827244
WITCH-GLOBIOM,SSP4-34,World,pop,Other Scenarios,-0.12623665686713959
WITCH-GLOBIOM,SSP4-45,World,co2intensity,Other Scenarios,-0.11272494832305169
WITCH-GLOBIOM,SSP4-45,World,energyintensity,Other Scenarios,0.4388648212392321
WITCH-GLOBIOM,SSP4-45,World,fossilco2,Other Scenarios,0.5021122874880477
WITCH-GLOBIOM,SSP4-45,World,pcgdpppp,Other Scenarios,0.3022090714390069
WITCH-GLOBIOM,SSP4-45,World,pop,Other Scenarios,-0.12623665686713959
WITCH-GLOBIOM,SSP4-60,World,co2intensity,Other Scenarios,-0.09986820197072843
WITCH-GLOBIOM,SSP4-60,World,energyintensity,Other Scenarios,0.381261132013355
WITCH-GLOBIOM,SSP4-60,World,fossilco2,Other Scenarios,0.4531205959113971
WITCH-GLOBIOM,SSP4-60,World,pcgdpppp,Other Scenarios,0.2979643227359101
WITCH-GLOBIOM,SSP4-60,World,pop,Other Scenarios,-0.12623665686713959
WITCH-GLOBIOM,SSP4-Baseline,World,co2intensity,Other Scenarios,0.05229029168648136
WITCH-GLOBIOM,SSP4-Baseline,World,energyintensity,Other Scenarios,0.5123997197161356
WITCH-GLOBIOM,SSP4-Baseline,World,fossilco2,Other Scenarios,0.7423391640987462
WITCH-GLOBIOM,SSP4-Baseline,World,pcgdpppp,Other Scenarios,0.3038858095632688
WITCH-GLOBIOM,SSP4-Baseline,World,pop,Other Scenarios,-0.12623665686713959
WITCH-GLOBIOM,SSP5-60,World,co2intensity,Other Scenarios,-0.06352319755527525
WITCH-GLOBIOM,SSP5-60,World,energyintensity,Other Scenarios,0.1784939069267557
WITCH-GLOBIOM,SSP5-60,World,fossilco2,Other Scenarios,0.41689035395687735
WITCH-GLOBIOM,SSP5-60,World,pcgdpppp,Other Scenarios,0.49348623087392207
WITCH-GLOBIOM,SSP5-60,World,pop,Other Scenarios,-0.1915665862885252
WITCH-GLOBIOM,SSP5-Baseline,World,co2intensity,Other Scenarios,0.12118870621413258
WITCH-GLOBIOM,SSP5-Baseline,World,energyintensity,Other Scenarios,0.5131967109091236
WITCH-GLOBIOM,SSP5-Baseline,World,fossilco2,Other Scenarios,0.9432834991729038
WITCH-GLOBIOM,SSP5-Baseline,World,pcgdpppp,Other Scenarios,0.5004646683381728
WITCH-GLOBIOM,SSP5-Baseline,World,pop,Other Scenarios,-0.1915665862885252
