Entity,Scenario,EntityScenario,Year,pcgdpgrowth
High income,1-year projections,High income IMF 1-year projections,2004,1.1173398083681008
Low income,1-year projections,Low income IMF 1-year projections,2004,3.630862955425762
Lower-middle income,1-year projections,Lower-middle income IMF 1-year projections,2004,1.7384197481989716
Upper-middle income,1-year projections,Upper-middle income IMF 1-year projections,2004,3.347750926990045
High income,1-year projections,High income IMF 1-year projections,2005,1.0570700011081513
Low income,1-year projections,Low income IMF 1-year projections,2005,2.5166568882143636
Lower-middle income,1-year projections,Lower-middle income IMF 1-year projections,2005,2.0803565961172055
Upper-middle income,1-year projections,Upper-middle income IMF 1-year projections,2005,3.8158607514606757
High income,1-year projections,High income IMF 1-year projections,2006,1.4976915798690982
Low income,1-year projections,Low income IMF 1-year projections,2006,2.544766773143081
Lower-middle income,1-year projections,Lower-middle income IMF 1-year projections,2006,3.0687823354492494
Upper-middle income,1-year projections,Upper-middle income IMF 1-year projections,2006,4.187171410678836
High income,1-year projections,High income IMF 1-year projections,2007,1.638783778215469
Low income,1-year projections,Low income IMF 1-year projections,2007,3.0963579483194614
Lower-middle income,1-year projections,Lower-middle income IMF 1-year projections,2007,3.4086179207530876
Upper-middle income,1-year projections,Upper-middle income IMF 1-year projections,2007,5.258064105727023
High income,1-year projections,High income IMF 1-year projections,2008,1.507430878697491
Low income,1-year projections,Low income IMF 1-year projections,2008,4.712363506182982
Lower-middle income,1-year projections,Lower-middle income IMF 1-year projections,2008,5.36449163367827
Upper-middle income,1-year projections,Upper-middle income IMF 1-year projections,2008,6.537714140986672
High income,1-year projections,High income IMF 1-year projections,2009,0.8745547236367557
High income,2-year projections,High income IMF 2-year projections,2010,2.0365531987863505
High income,3-year projections,High income IMF 3-year projections,2011,2.207401396059261
High income,4-year projections,High income IMF 4-year projections,2012,2.2762349938229676
High income,5-year projections,High income IMF 5-year projections,2013,2.1898947298209848
Low income,1-year projections,Low income IMF 1-year projections,2009,4.901916216042501
Low income,2-year projections,Low income IMF 2-year projections,2010,5.049897344081433
Low income,3-year projections,Low income IMF 3-year projections,2011,4.0495962443807265
Low income,4-year projections,Low income IMF 4-year projections,2012,3.7304481195969075
Low income,5-year projections,Low income IMF 5-year projections,2013,3.3679755055975313
Lower-middle income,1-year projections,Lower-middle income IMF 1-year projections,2009,4.984469201222552
Lower-middle income,2-year projections,Lower-middle income IMF 2-year projections,2010,5.0253400697252815
Lower-middle income,3-year projections,Lower-middle income IMF 3-year projections,2011,4.593459970942071
Lower-middle income,4-year projections,Lower-middle income IMF 4-year projections,2012,4.998076078261882
Lower-middle income,5-year projections,Lower-middle income IMF 5-year projections,2013,5.216950877420423
Upper-middle income,1-year projections,Upper-middle income IMF 1-year projections,2009,6.255940641192126
Upper-middle income,2-year projections,Upper-middle income IMF 2-year projections,2010,5.91818874829535
Upper-middle income,3-year projections,Upper-middle income IMF 3-year projections,2011,5.5969202968372045
Upper-middle income,4-year projections,Upper-middle income IMF 4-year projections,2012,5.829198673598945
Upper-middle income,5-year projections,Upper-middle income IMF 5-year projections,2013,6.0027513702504365
High income,1-year projections,High income IMF 1-year projections,2010,1.1372305602353805
High income,2-year projections,High income IMF 2-year projections,2011,1.2628887817037082
High income,3-year projections,High income IMF 3-year projections,2012,1.871923070684467
High income,4-year projections,High income IMF 4-year projections,2013,2.1710559592287737
High income,5-year projections,High income IMF 5-year projections,2014,1.9565378604685435
Low income,1-year projections,Low income IMF 1-year projections,2010,2.9987141762533476
Low income,2-year projections,Low income IMF 2-year projections,2011,2.3477348611319115
Low income,3-year projections,Low income IMF 3-year projections,2012,3.1406267335441385
Low income,4-year projections,Low income IMF 4-year projections,2013,3.364333538466102
Low income,5-year projections,Low income IMF 5-year projections,2014,3.4317299499978304
Lower-middle income,1-year projections,Lower-middle income IMF 1-year projections,2010,3.610921250746202
Lower-middle income,2-year projections,Lower-middle income IMF 2-year projections,2011,3.3992486194149407
Lower-middle income,3-year projections,Lower-middle income IMF 3-year projections,2012,4.2385694691068565
Lower-middle income,4-year projections,Lower-middle income IMF 4-year projections,2013,4.893033831143967
Lower-middle income,5-year projections,Lower-middle income IMF 5-year projections,2014,4.893344952463252
Upper-middle income,1-year projections,Upper-middle income IMF 1-year projections,2010,5.114935145783228
Upper-middle income,2-year projections,Upper-middle income IMF 2-year projections,2011,5.086738952598147
Upper-middle income,3-year projections,Upper-middle income IMF 3-year projections,2012,5.957276388028454
Upper-middle income,4-year projections,Upper-middle income IMF 4-year projections,2013,6.43824417540646
Upper-middle income,5-year projections,Upper-middle income IMF 5-year projections,2014,6.288616172325412
High income,1-year projections,High income IMF 1-year projections,2011,0.8903893577636879
High income,2-year projections,High income IMF 2-year projections,2012,1.504416618620752
High income,3-year projections,High income IMF 3-year projections,2013,1.7634640479876396
High income,4-year projections,High income IMF 4-year projections,2014,1.8145928192470961
High income,5-year projections,High income IMF 5-year projections,2015,2.635911024812998
Low income,1-year projections,Low income IMF 1-year projections,2011,2.6778498487141533
Low income,2-year projections,Low income IMF 2-year projections,2012,3.318292514610821
Low income,3-year projections,Low income IMF 3-year projections,2013,3.2754737389891098
Low income,4-year projections,Low income IMF 4-year projections,2014,3.365892743991594
Low income,5-year projections,Low income IMF 5-year projections,2015,4.314563183315112
Lower-middle income,1-year projections,Lower-middle income IMF 1-year projections,2011,3.910689145067181
Lower-middle income,2-year projections,Lower-middle income IMF 2-year projections,2012,4.119667679846728
Lower-middle income,3-year projections,Lower-middle income IMF 3-year projections,2013,4.640773952556998
Lower-middle income,4-year projections,Lower-middle income IMF 4-year projections,2014,4.793810800626375
Lower-middle income,5-year projections,Lower-middle income IMF 5-year projections,2015,5.708791249076839
Upper-middle income,1-year projections,Upper-middle income IMF 1-year projections,2011,5.034818406826069
Upper-middle income,2-year projections,Upper-middle income IMF 2-year projections,2012,5.41482665004569
Upper-middle income,3-year projections,Upper-middle income IMF 3-year projections,2013,5.747977376912772
Upper-middle income,4-year projections,Upper-middle income IMF 4-year projections,2014,5.914239083499062
Upper-middle income,5-year projections,Upper-middle income IMF 5-year projections,2015,6.858129571837068
High income,1-year projections,High income IMF 1-year projections,2012,0.5182516296882156
High income,2-year projections,High income IMF 2-year projections,2013,0.7310357509688004
High income,3-year projections,High income IMF 3-year projections,2014,1.0911050616561724
High income,4-year projections,High income IMF 4-year projections,2015,2.3077435019635217
High income,5-year projections,High income IMF 5-year projections,2016,2.551372100752225
Low income,1-year projections,Low income IMF 1-year projections,2012,1.5234473571726248
Low income,2-year projections,Low income IMF 2-year projections,2013,1.6967968970093672
Low income,3-year projections,Low income IMF 3-year projections,2014,1.961859535235444
Low income,4-year projections,Low income IMF 4-year projections,2015,3.401713230527026
Low income,5-year projections,Low income IMF 5-year projections,2016,3.8022832628204384
Lower-middle income,1-year projections,Lower-middle income IMF 1-year projections,2012,3.4518092850918336
Lower-middle income,2-year projections,Lower-middle income IMF 2-year projections,2013,3.6302961759590247
Lower-middle income,3-year projections,Lower-middle income IMF 3-year projections,2014,4.0050820372945495
Lower-middle income,4-year projections,Lower-middle income IMF 4-year projections,2015,5.20206627529749
Lower-middle income,5-year projections,Lower-middle income IMF 5-year projections,2016,5.477506043801839
Upper-middle income,1-year projections,Upper-middle income IMF 1-year projections,2012,4.724177400439977
Upper-middle income,2-year projections,Upper-middle income IMF 2-year projections,2013,4.8481571159006975
Upper-middle income,3-year projections,Upper-middle income IMF 3-year projections,2014,5.022819672152323
Upper-middle income,4-year projections,Upper-middle income IMF 4-year projections,2015,6.194185889907544
Upper-middle income,5-year projections,Upper-middle income IMF 5-year projections,2016,6.5213844433419155
High income,1-year projections,High income IMF 1-year projections,2013,0.5594702122294848
High income,2-year projections,High income IMF 2-year projections,2014,1.2717343043510354
High income,3-year projections,High income IMF 3-year projections,2015,2.610836364949165
High income,4-year projections,High income IMF 4-year projections,2016,2.8904874607713182
High income,5-year projections,High income IMF 5-year projections,2017,2.272352555442403
Low income,1-year projections,Low income IMF 1-year projections,2013,3.0709049579435543
Low income,2-year projections,Low income IMF 2-year projections,2014,2.5497142599959055
Low income,3-year projections,Low income IMF 3-year projections,2015,3.9950598271702553
Low income,4-year projections,Low income IMF 4-year projections,2016,4.262334589301808
Low income,5-year projections,Low income IMF 5-year projections,2017,3.706366604258804
Lower-middle income,1-year projections,Lower-middle income IMF 1-year projections,2013,3.0449578607083083
Lower-middle income,2-year projections,Lower-middle income IMF 2-year projections,2014,3.4280543571085786
Lower-middle income,3-year projections,Lower-middle income IMF 3-year projections,2015,4.752971736418665
Lower-middle income,4-year projections,Lower-middle income IMF 4-year projections,2016,5.104271610368372
Lower-middle income,5-year projections,Lower-middle income IMF 5-year projections,2017,4.543659736997263
Upper-middle income,1-year projections,Upper-middle income IMF 1-year projections,2013,4.883153789304018
Upper-middle income,2-year projections,Upper-middle income IMF 2-year projections,2014,5.09775903309162
Upper-middle income,3-year projections,Upper-middle income IMF 3-year projections,2015,6.167007544202896
Upper-middle income,4-year projections,Upper-middle income IMF 4-year projections,2016,6.423845781502457
Upper-middle income,5-year projections,Upper-middle income IMF 5-year projections,2017,5.845132333552172
High income,1-year projections,High income IMF 1-year projections,2014,1.3207639397494475
High income,2-year projections,High income IMF 2-year projections,2015,2.9445852086491087
High income,3-year projections,High income IMF 3-year projections,2016,3.1014680964402075
High income,4-year projections,High income IMF 4-year projections,2017,2.2509595341833943
High income,5-year projections,High income IMF 5-year projections,2018,1.6140531576352757
Low income,1-year projections,Low income IMF 1-year projections,2014,4.218241138840373
Low income,2-year projections,Low income IMF 2-year projections,2015,4.774423527137461
Low income,3-year projections,Low income IMF 3-year projections,2016,4.28048072644609
Low income,4-year projections,Low income IMF 4-year projections,2017,3.660502603001081
Low income,5-year projections,Low income IMF 5-year projections,2018,3.1034680730877895
Lower-middle income,1-year projections,Lower-middle income IMF 1-year projections,2014,2.8339293259902476
Lower-middle income,2-year projections,Lower-middle income IMF 2-year projections,2015,4.701470206132363
Lower-middle income,3-year projections,Lower-middle income IMF 3-year projections,2016,4.83768174730308
Lower-middle income,4-year projections,Lower-middle income IMF 4-year projections,2017,4.103532172005053
Lower-middle income,5-year projections,Lower-middle income IMF 5-year projections,2018,3.651560209068805
Upper-middle income,1-year projections,Upper-middle income IMF 1-year projections,2014,4.351670416046005
Upper-middle income,2-year projections,Upper-middle income IMF 2-year projections,2015,5.674647108811293
Upper-middle income,3-year projections,Upper-middle income IMF 3-year projections,2016,5.750040983207683
Upper-middle income,4-year projections,Upper-middle income IMF 4-year projections,2017,4.9228554183800455
Upper-middle income,5-year projections,Upper-middle income IMF 5-year projections,2018,4.41969424411468
High income,1-year projections,High income IMF 1-year projections,2015,2.7281142789071566
High income,2-year projections,High income IMF 2-year projections,2016,2.8591085040927666
High income,3-year projections,High income IMF 3-year projections,2017,2.19257597557867
High income,4-year projections,High income IMF 4-year projections,2018,1.6324533213992964
High income,5-year projections,High income IMF 5-year projections,2019,2.177493429000066
Low income,1-year projections,Low income IMF 1-year projections,2015,4.396392566925478
Low income,2-year projections,Low income IMF 2-year projections,2016,4.663468964457618
Low income,3-year projections,Low income IMF 3-year projections,2017,3.8789025195646865
Low income,4-year projections,Low income IMF 4-year projections,2018,3.159492996567881
Low income,5-year projections,Low income IMF 5-year projections,2019,3.5875921945637934
Lower-middle income,1-year projections,Lower-middle income IMF 1-year projections,2015,4.630601517888877
Lower-middle income,2-year projections,Lower-middle income IMF 2-year projections,2016,4.842517430488691
Lower-middle income,3-year projections,Lower-middle income IMF 3-year projections,2017,4.2981871704006025
Lower-middle income,4-year projections,Lower-middle income IMF 4-year projections,2018,3.860852798685066
Lower-middle income,5-year projections,Lower-middle income IMF 5-year projections,2019,4.442950520724054
Upper-middle income,1-year projections,Upper-middle income IMF 1-year projections,2015,4.753293247834378
Upper-middle income,2-year projections,Upper-middle income IMF 2-year projections,2016,5.092957061284942
Upper-middle income,3-year projections,Upper-middle income IMF 3-year projections,2017,4.413843576407039
Upper-middle income,4-year projections,Upper-middle income IMF 4-year projections,2018,3.8972669117294245
Upper-middle income,5-year projections,Upper-middle income IMF 5-year projections,2019,4.511202523410596
High income,1-year projections,High income IMF 1-year projections,2016,1.8594828151289988
High income,2-year projections,High income IMF 2-year projections,2017,1.6148107775812548
High income,3-year projections,High income IMF 3-year projections,2018,1.3611266941406797
High income,4-year projections,High income IMF 4-year projections,2019,1.9958376588565585
High income,5-year projections,High income IMF 5-year projections,2020,1.6702912730364616
Low income,1-year projections,Low income IMF 1-year projections,2016,2.9583312422482244
Low income,2-year projections,Low income IMF 2-year projections,2017,3.402996517623258
Low income,3-year projections,Low income IMF 3-year projections,2018,3.120575872915321
Low income,4-year projections,Low income IMF 4-year projections,2019,4.083397065526828
Low income,5-year projections,Low income IMF 5-year projections,2020,4.214068998325082
Lower-middle income,1-year projections,Lower-middle income IMF 1-year projections,2016,4.4049992523477854
Lower-middle income,2-year projections,Lower-middle income IMF 2-year projections,2017,4.296920915548874
Lower-middle income,3-year projections,Lower-middle income IMF 3-year projections,2018,4.212820332145029
Lower-middle income,4-year projections,Lower-middle income IMF 4-year projections,2019,5.043906114953423
Lower-middle income,5-year projections,Lower-middle income IMF 5-year projections,2020,4.870450593758413
Upper-middle income,1-year projections,Upper-middle income IMF 1-year projections,2016,3.3472616412293377
Upper-middle income,2-year projections,Upper-middle income IMF 2-year projections,2017,3.564397478597847
Upper-middle income,3-year projections,Upper-middle income IMF 3-year projections,2018,3.485257148657084
Upper-middle income,4-year projections,Upper-middle income IMF 4-year projections,2019,4.4111885536331386
Upper-middle income,5-year projections,Upper-middle income IMF 5-year projections,2020,4.243882617049977
High income,1-year projections,High income IMF 1-year projections,2017,1.555243614165036
High income,2-year projections,High income IMF 2-year projections,2018,1.3100478525279513
High income,3-year projections,High income IMF 3-year projections,2019,1.8044388768929664
High income,4-year projections,High income IMF 4-year projections,2020,1.3773539296362713
High income,5-year projections,High income IMF 5-year projections,2021,1.3561773986916492
Low income,1-year projections,Low income IMF 1-year projections,2017,2.245493495164652
Low income,2-year projections,Low income IMF 2-year projections,2018,2.452196612833113
Low income,3-year projections,Low income IMF 3-year projections,2019,3.297029954712105
Low income,4-year projections,Low income IMF 4-year projections,2020,2.894365697144785
Low income,5-year projections,Low income IMF 5-year projections,2021,2.961357203827397
Lower-middle income,1-year projections,Lower-middle income IMF 1-year projections,2017,4.382555215100581
Lower-middle income,2-year projections,Lower-middle income IMF 2-year projections,2018,4.271325420827488
Lower-middle income,3-year projections,Lower-middle income IMF 3-year projections,2019,5.053924223021866
Lower-middle income,4-year projections,Lower-middle income IMF 4-year projections,2020,4.881559864602991
Lower-middle income,5-year projections,Lower-middle income IMF 5-year projections,2021,4.930882690457672
Upper-middle income,1-year projections,Upper-middle income IMF 1-year projections,2017,3.7762231373291044
Upper-middle income,2-year projections,Upper-middle income IMF 2-year projections,2018,3.563937470832279
Upper-middle income,3-year projections,Upper-middle income IMF 3-year projections,2019,4.292196840871654
Upper-middle income,4-year projections,Upper-middle income IMF 4-year projections,2020,4.017487842390111
Upper-middle income,5-year projections,Upper-middle income IMF 5-year projections,2021,3.9998098791873105
High income,1-year projections,High income IMF 1-year projections,2018,1.5697124666958828
High income,2-year projections,High income IMF 2-year projections,2019,1.3737865378562475
High income,3-year projections,High income IMF 3-year projections,2020,1.2809235699119625
High income,4-year projections,High income IMF 4-year projections,2021,1.296972406675856
High income,5-year projections,High income IMF 5-year projections,2022,1.2635448279818107
Low income,1-year projections,Low income IMF 1-year projections,2018,2.447921006077536
Low income,2-year projections,Low income IMF 2-year projections,2019,2.6780683133084793
Low income,3-year projections,Low income IMF 3-year projections,2020,2.967320600676082
Low income,4-year projections,Low income IMF 4-year projections,2021,3.0288311423092296
Low income,5-year projections,Low income IMF 5-year projections,2022,3.2638668500736934
Lower-middle income,1-year projections,Lower-middle income IMF 1-year projections,2018,4.067465950178217
Lower-middle income,2-year projections,Lower-middle income IMF 2-year projections,2019,4.372150204202185
Lower-middle income,3-year projections,Lower-middle income IMF 3-year projections,2020,4.483311099688336
Lower-middle income,4-year projections,Lower-middle income IMF 4-year projections,2021,4.6281195754298565
Lower-middle income,5-year projections,Lower-middle income IMF 5-year projections,2022,4.689772202679698
Upper-middle income,1-year projections,Upper-middle income IMF 1-year projections,2018,3.843254435421528
Upper-middle income,2-year projections,Upper-middle income IMF 2-year projections,2019,3.8039213167449404
Upper-middle income,3-year projections,Upper-middle income IMF 3-year projections,2020,3.846505249201293
Upper-middle income,4-year projections,Upper-middle income IMF 4-year projections,2021,3.7968666577111065
Upper-middle income,5-year projections,Upper-middle income IMF 5-year projections,2022,3.693470733537829
High income,1-year projections,High income IMF 1-year projections,2019,1.716782796781402
High income,2-year projections,High income IMF 2-year projections,2020,1.3247164816043266
High income,3-year projections,High income IMF 3-year projections,2021,1.3117926685186632
High income,4-year projections,High income IMF 4-year projections,2022,1.1765477826196857
High income,5-year projections,High income IMF 5-year projections,2023,1.1268610922980926
Low income,1-year projections,Low income IMF 1-year projections,2019,1.71093394548123
Low income,2-year projections,Low income IMF 2-year projections,2020,2.076896429182984
Low income,3-year projections,Low income IMF 3-year projections,2021,2.1378298270667173
Low income,4-year projections,Low income IMF 4-year projections,2022,2.2087707867958883
Low income,5-year projections,Low income IMF 5-year projections,2023,2.6685852505691443
Lower-middle income,1-year projections,Lower-middle income IMF 1-year projections,2019,3.7090189026224962
Lower-middle income,2-year projections,Lower-middle income IMF 2-year projections,2020,4.158593467967009
Lower-middle income,3-year projections,Lower-middle income IMF 3-year projections,2021,4.248702852654418
Lower-middle income,4-year projections,Lower-middle income IMF 4-year projections,2022,4.289730185996277
Lower-middle income,5-year projections,Lower-middle income IMF 5-year projections,2023,4.345223944859988
Upper-middle income,1-year projections,Upper-middle income IMF 1-year projections,2019,3.731913641343354
Upper-middle income,2-year projections,Upper-middle income IMF 2-year projections,2020,3.949860409518813
Upper-middle income,3-year projections,Upper-middle income IMF 3-year projections,2021,3.8522530340820538
Upper-middle income,4-year projections,Upper-middle income IMF 4-year projections,2022,3.761129590318113
Upper-middle income,5-year projections,Upper-middle income IMF 5-year projections,2023,3.876007750543309
High income,1-year projections,High income IMF 1-year projections,2020,1.2879669130134275
High income,2-year projections,High income IMF 2-year projections,2021,1.2574620917055412
High income,3-year projections,High income IMF 3-year projections,2022,1.1888155792041388
High income,4-year projections,High income IMF 4-year projections,2023,1.1895579850341065
High income,5-year projections,High income IMF 5-year projections,2024,1.2213661538922338
Low income,1-year projections,Low income IMF 1-year projections,2020,1.9683592784006443
Low income,2-year projections,Low income IMF 2-year projections,2021,1.9603788181612458
Low income,3-year projections,Low income IMF 3-year projections,2022,2.4179609653649514
Low income,4-year projections,Low income IMF 4-year projections,2023,2.6547147600261667
Low income,5-year projections,Low income IMF 5-year projections,2024,3.0571403133016872
Lower-middle income,1-year projections,Lower-middle income IMF 1-year projections,2020,3.7698178066360555
Lower-middle income,2-year projections,Lower-middle income IMF 2-year projections,2021,4.071703839722041
Lower-middle income,3-year projections,Lower-middle income IMF 3-year projections,2022,4.19831026685813
Lower-middle income,4-year projections,Lower-middle income IMF 4-year projections,2023,4.2616962815829496
Lower-middle income,5-year projections,Lower-middle income IMF 5-year projections,2024,4.219632227364656
Upper-middle income,1-year projections,Upper-middle income IMF 1-year projections,2020,3.6633499403846415
Upper-middle income,2-year projections,Upper-middle income IMF 2-year projections,2021,3.8863696246194124
Upper-middle income,3-year projections,Upper-middle income IMF 3-year projections,2022,3.8523797781014224
Upper-middle income,4-year projections,Upper-middle income IMF 4-year projections,2023,3.9031430253530175
Upper-middle income,5-year projections,Upper-middle income IMF 5-year projections,2024,3.8576895731941008
High income,1-year projections,High income Kuznets 1-year projections,2003,NA
High income,1-year projections,High income Kuznets 1-year projections,2004,1.7039440549922347
High income,1-year projections,High income Kuznets 1-year projections,2005,1.6968032362624896
High income,1-year projections,High income Kuznets 1-year projections,2006,1.6885075047189169
High income,1-year projections,High income Kuznets 1-year projections,2007,1.6802913298261224
High income,1-year projections,High income Kuznets 1-year projections,2008,1.6609717696065562
High income,1-year projections,High income Kuznets 1-year projections,2009,1.5874251405958884
High income,1-year projections,High income Kuznets 1-year projections,2010,1.4568618294510394
High income,1-year projections,High income Kuznets 1-year projections,2011,1.452392272984282
High income,1-year projections,High income Kuznets 1-year projections,2012,1.4240693574250507
High income,1-year projections,High income Kuznets 1-year projections,2013,1.3833633370828657
High income,1-year projections,High income Kuznets 1-year projections,2014,1.3372967512113032
High income,1-year projections,High income Kuznets 1-year projections,2015,1.2910795985638046
High income,1-year projections,High income Kuznets 1-year projections,2016,1.2440902061217063
High income,1-year projections,High income Kuznets 1-year projections,2017,1.1802506134716229
High income,1-year projections,High income Kuznets 1-year projections,2018,1.1387649869918803
High income,1-year projections,High income Kuznets 1-year projections,2019,1.1052126838467125
High income,1-year projections,High income Kuznets 1-year projections,2020,1.0785437033783651
High income,1-year projections,High income Kuznets 1-year projections,2021,1.0422984488209774
High income,1-year projections,High income Kuznets 1-year projections,2022,NA
High income,1-year projections,High income Kuznets 1-year projections,2023,NA
High income,1-year projections,High income Kuznets 1-year projections,2024,NA
High income,1-year projections,High income Kuznets 1-year projections,2025,NA
Low income,1-year projections,Low income Kuznets 1-year projections,2003,NA
Low income,1-year projections,Low income Kuznets 1-year projections,2004,3.443188503828877
Low income,1-year projections,Low income Kuznets 1-year projections,2005,3.486483990995411
Low income,1-year projections,Low income Kuznets 1-year projections,2006,3.6175553121661377
Low income,1-year projections,Low income Kuznets 1-year projections,2007,3.6999338170639087
Low income,1-year projections,Low income Kuznets 1-year projections,2008,3.8580155779547236
Low income,1-year projections,Low income Kuznets 1-year projections,2009,3.897278571553464
Low income,1-year projections,Low income Kuznets 1-year projections,2010,3.894747618916064
Low income,1-year projections,Low income Kuznets 1-year projections,2011,3.9284154859181046
Low income,1-year projections,Low income Kuznets 1-year projections,2012,3.921970776714412
Low income,1-year projections,Low income Kuznets 1-year projections,2013,3.886614241481476
Low income,1-year projections,Low income Kuznets 1-year projections,2014,3.9075960321480503
Low income,1-year projections,Low income Kuznets 1-year projections,2015,3.9269597190345564
Low income,1-year projections,Low income Kuznets 1-year projections,2016,3.910262714395174
Low income,1-year projections,Low income Kuznets 1-year projections,2017,3.8898010506525305
Low income,1-year projections,Low income Kuznets 1-year projections,2018,3.87537791997854
Low income,1-year projections,Low income Kuznets 1-year projections,2019,3.8499423485014117
Low income,1-year projections,Low income Kuznets 1-year projections,2020,3.827994998671386
Low income,1-year projections,Low income Kuznets 1-year projections,2021,3.8310598949424177
Low income,1-year projections,Low income Kuznets 1-year projections,2022,NA
Low income,1-year projections,Low income Kuznets 1-year projections,2023,NA
Low income,1-year projections,Low income Kuznets 1-year projections,2024,NA
Low income,1-year projections,Low income Kuznets 1-year projections,2025,NA
Lower-middle income,1-year projections,Lower-middle income Kuznets 1-year projections,2003,NA
Lower-middle income,1-year projections,Lower-middle income Kuznets 1-year projections,2004,3.791135397035572
Lower-middle income,1-year projections,Lower-middle income Kuznets 1-year projections,2005,3.899332349593543
Lower-middle income,1-year projections,Lower-middle income Kuznets 1-year projections,2006,4.000591026159861
Lower-middle income,1-year projections,Lower-middle income Kuznets 1-year projections,2007,4.11916042077356
Lower-middle income,1-year projections,Lower-middle income Kuznets 1-year projections,2008,4.238057469574885
Lower-middle income,1-year projections,Lower-middle income Kuznets 1-year projections,2009,4.269831712806504
Lower-middle income,1-year projections,Lower-middle income Kuznets 1-year projections,2010,4.285478177478952
Lower-middle income,1-year projections,Lower-middle income Kuznets 1-year projections,2011,4.370471498538975
Lower-middle income,1-year projections,Lower-middle income Kuznets 1-year projections,2012,4.383301667782691
Lower-middle income,1-year projections,Lower-middle income Kuznets 1-year projections,2013,4.361055219394716
Lower-middle income,1-year projections,Lower-middle income Kuznets 1-year projections,2014,4.3542454034374956
Lower-middle income,1-year projections,Lower-middle income Kuznets 1-year projections,2015,4.345976065584467
Lower-middle income,1-year projections,Lower-middle income Kuznets 1-year projections,2016,4.317417242712884
Lower-middle income,1-year projections,Lower-middle income Kuznets 1-year projections,2017,4.272615804734103
Lower-middle income,1-year projections,Lower-middle income Kuznets 1-year projections,2018,4.239276114302548
Lower-middle income,1-year projections,Lower-middle income Kuznets 1-year projections,2019,4.203934148639599
Lower-middle income,1-year projections,Lower-middle income Kuznets 1-year projections,2020,4.169958860095724
Lower-middle income,1-year projections,Lower-middle income Kuznets 1-year projections,2021,4.100603021471039
Lower-middle income,1-year projections,Lower-middle income Kuznets 1-year projections,2022,NA
Lower-middle income,1-year projections,Lower-middle income Kuznets 1-year projections,2023,NA
Lower-middle income,1-year projections,Lower-middle income Kuznets 1-year projections,2024,NA
Lower-middle income,1-year projections,Lower-middle income Kuznets 1-year projections,2025,NA
Upper-middle income,1-year projections,Upper-middle income Kuznets 1-year projections,2003,NA
Upper-middle income,1-year projections,Upper-middle income Kuznets 1-year projections,2004,3.857931684755944
Upper-middle income,1-year projections,Upper-middle income Kuznets 1-year projections,2005,3.92534257986461
Upper-middle income,1-year projections,Upper-middle income Kuznets 1-year projections,2006,3.964277803643279
Upper-middle income,1-year projections,Upper-middle income Kuznets 1-year projections,2007,4.015195690080375
Upper-middle income,1-year projections,Upper-middle income Kuznets 1-year projections,2008,4.048685780634109
Upper-middle income,1-year projections,Upper-middle income Kuznets 1-year projections,2009,4.010633651354967
Upper-middle income,1-year projections,Upper-middle income Kuznets 1-year projections,2010,3.9485043899685213
Upper-middle income,1-year projections,Upper-middle income Kuznets 1-year projections,2011,3.9571269490221272
Upper-middle income,1-year projections,Upper-middle income Kuznets 1-year projections,2012,3.912897357388845
Upper-middle income,1-year projections,Upper-middle income Kuznets 1-year projections,2013,3.8418932495312585
Upper-middle income,1-year projections,Upper-middle income Kuznets 1-year projections,2014,3.77875064548987
Upper-middle income,1-year projections,Upper-middle income Kuznets 1-year projections,2015,3.7287961389692814
Upper-middle income,1-year projections,Upper-middle income Kuznets 1-year projections,2016,3.6835952665567273
Upper-middle income,1-year projections,Upper-middle income Kuznets 1-year projections,2017,3.6476517615699144
Upper-middle income,1-year projections,Upper-middle income Kuznets 1-year projections,2018,3.6099034989644174
Upper-middle income,1-year projections,Upper-middle income Kuznets 1-year projections,2019,3.5656499054781854
Upper-middle income,1-year projections,Upper-middle income Kuznets 1-year projections,2020,3.5035203364443657
Upper-middle income,1-year projections,Upper-middle income Kuznets 1-year projections,2021,3.397979258724382
Upper-middle income,1-year projections,Upper-middle income Kuznets 1-year projections,2022,NA
Upper-middle income,1-year projections,Upper-middle income Kuznets 1-year projections,2023,NA
Upper-middle income,1-year projections,Upper-middle income Kuznets 1-year projections,2024,NA
Upper-middle income,1-year projections,Upper-middle income Kuznets 1-year projections,2025,NA
High income,2-year projections,High income Kuznets 2-year projections,2003,NA
High income,2-year projections,High income Kuznets 2-year projections,2004,NA
High income,2-year projections,High income Kuznets 2-year projections,2005,1.6610883458051617
High income,2-year projections,High income Kuznets 2-year projections,2006,1.6530615250177405
High income,2-year projections,High income Kuznets 2-year projections,2007,1.6443468679189
High income,2-year projections,High income Kuznets 2-year projections,2008,1.6352752835703477
High income,2-year projections,High income Kuznets 2-year projections,2009,1.6153690254413267
High income,2-year projections,High income Kuznets 2-year projections,2010,1.5427789815474213
High income,2-year projections,High income Kuznets 2-year projections,2011,1.4141240581052816
High income,2-year projections,High income Kuznets 2-year projections,2012,1.408651546953088
High income,2-year projections,High income Kuznets 2-year projections,2013,1.3807958188803315
High income,2-year projections,High income Kuznets 2-year projections,2014,1.3411768645443356
High income,2-year projections,High income Kuznets 2-year projections,2015,1.2962215748636652
High income,2-year projections,High income Kuznets 2-year projections,2016,1.2511770288803792
High income,2-year projections,High income Kuznets 2-year projections,2017,1.2055941342561827
High income,2-year projections,High income Kuznets 2-year projections,2018,1.1436703671325876
High income,2-year projections,High income Kuznets 2-year projections,2019,1.103516033296792
High income,2-year projections,High income Kuznets 2-year projections,2020,1.071101930459628
High income,2-year projections,High income Kuznets 2-year projections,2021,1.0453966453029206
High income,2-year projections,High income Kuznets 2-year projections,2022,1.011596575761864
High income,2-year projections,High income Kuznets 2-year projections,2023,NA
High income,2-year projections,High income Kuznets 2-year projections,2024,NA
High income,2-year projections,High income Kuznets 2-year projections,2025,NA
Low income,2-year projections,Low income Kuznets 2-year projections,2003,NA
Low income,2-year projections,Low income Kuznets 2-year projections,2004,NA
Low income,2-year projections,Low income Kuznets 2-year projections,2005,3.438194814845171
Low income,2-year projections,Low income Kuznets 2-year projections,2006,3.4715439346389934
Low income,2-year projections,Low income Kuznets 2-year projections,2007,3.592747479971073
Low income,2-year projections,Low income Kuznets 2-year projections,2008,3.6761134048365425
Low income,2-year projections,Low income Kuznets 2-year projections,2009,3.8383875652465482
Low income,2-year projections,Low income Kuznets 2-year projections,2010,3.8885636395446928
Low income,2-year projections,Low income Kuznets 2-year projections,2011,3.902877132701843
Low income,2-year projections,Low income Kuznets 2-year projections,2012,3.941766803458785
Low income,2-year projections,Low income Kuznets 2-year projections,2013,3.937441494492977
Low income,2-year projections,Low income Kuznets 2-year projections,2014,3.903178451118125
Low income,2-year projections,Low income Kuznets 2-year projections,2015,3.9255167840507585
Low income,2-year projections,Low income Kuznets 2-year projections,2016,3.9459653748802226
Low income,2-year projections,Low income Kuznets 2-year projections,2017,3.9298270700766413
Low income,2-year projections,Low income Kuznets 2-year projections,2018,3.9093776785587453
Low income,2-year projections,Low income Kuznets 2-year projections,2019,3.895227414540936
Low income,2-year projections,Low income Kuznets 2-year projections,2020,3.8698650311768557
Low income,2-year projections,Low income Kuznets 2-year projections,2021,3.8481792930108005
Low income,2-year projections,Low income Kuznets 2-year projections,2022,3.8452090789294067
Low income,2-year projections,Low income Kuznets 2-year projections,2023,NA
Low income,2-year projections,Low income Kuznets 2-year projections,2024,NA
Low income,2-year projections,Low income Kuznets 2-year projections,2025,NA
Lower-middle income,2-year projections,Lower-middle income Kuznets 2-year projections,2003,NA
Lower-middle income,2-year projections,Lower-middle income Kuznets 2-year projections,2004,NA
Lower-middle income,2-year projections,Lower-middle income Kuznets 2-year projections,2005,3.8087604193703495
Lower-middle income,2-year projections,Lower-middle income Kuznets 2-year projections,2006,3.915525771552275
Lower-middle income,2-year projections,Lower-middle income Kuznets 2-year projections,2007,4.014211546016888
Lower-middle income,2-year projections,Lower-middle income Kuznets 2-year projections,2008,4.13022810536825
Lower-middle income,2-year projections,Lower-middle income Kuznets 2-year projections,2009,4.245662685335461
Lower-middle income,2-year projections,Lower-middle income Kuznets 2-year projections,2010,4.274851972118809
Lower-middle income,2-year projections,Lower-middle income Kuznets 2-year projections,2011,4.286544877474641
Lower-middle income,2-year projections,Lower-middle income Kuznets 2-year projections,2012,4.369025495698997
Lower-middle income,2-year projections,Lower-middle income Kuznets 2-year projections,2013,4.380048194178809
Lower-middle income,2-year projections,Lower-middle income Kuznets 2-year projections,2014,4.356755160822856
Lower-middle income,2-year projections,Lower-middle income Kuznets 2-year projections,2015,4.347830526468188
Lower-middle income,2-year projections,Lower-middle income Kuznets 2-year projections,2016,4.337209138149567
Lower-middle income,2-year projections,Lower-middle income Kuznets 2-year projections,2017,4.306725698320046
Lower-middle income,2-year projections,Lower-middle income Kuznets 2-year projections,2018,4.259549866677004
Lower-middle income,2-year projections,Lower-middle income Kuznets 2-year projections,2019,4.2244485870855275
Lower-middle income,2-year projections,Lower-middle income Kuznets 2-year projections,2020,4.187845282246916
Lower-middle income,2-year projections,Lower-middle income Kuznets 2-year projections,2021,4.153238990506725
Lower-middle income,2-year projections,Lower-middle income Kuznets 2-year projections,2022,4.083782670383229
Lower-middle income,2-year projections,Lower-middle income Kuznets 2-year projections,2023,NA
Lower-middle income,2-year projections,Lower-middle income Kuznets 2-year projections,2024,NA
Lower-middle income,2-year projections,Lower-middle income Kuznets 2-year projections,2025,NA
Upper-middle income,2-year projections,Upper-middle income Kuznets 2-year projections,2003,NA
Upper-middle income,2-year projections,Upper-middle income Kuznets 2-year projections,2004,NA
Upper-middle income,2-year projections,Upper-middle income Kuznets 2-year projections,2005,3.8456838730131615
Upper-middle income,2-year projections,Upper-middle income Kuznets 2-year projections,2006,3.908746226006654
Upper-middle income,2-year projections,Upper-middle income Kuznets 2-year projections,2007,3.943169187687179
Upper-middle income,2-year projections,Upper-middle income Kuznets 2-year projections,2008,3.9888679459428644
Upper-middle income,2-year projections,Upper-middle income Kuznets 2-year projections,2009,4.01698506556647
Upper-middle income,2-year projections,Upper-middle income Kuznets 2-year projections,2010,3.975567855780371
Upper-middle income,2-year projections,Upper-middle income Kuznets 2-year projections,2011,3.9091716982704305
Upper-middle income,2-year projections,Upper-middle income Kuznets 2-year projections,2012,3.912781749997496
Upper-middle income,2-year projections,Upper-middle income Kuznets 2-year projections,2013,3.866929778464412
Upper-middle income,2-year projections,Upper-middle income Kuznets 2-year projections,2014,3.7950372931346177
Upper-middle income,2-year projections,Upper-middle income Kuznets 2-year projections,2015,3.7306087354423756
Upper-middle income,2-year projections,Upper-middle income Kuznets 2-year projections,2016,3.6798191198736063
Upper-middle income,2-year projections,Upper-middle income Kuznets 2-year projections,2017,3.6347167476525666
Upper-middle income,2-year projections,Upper-middle income Kuznets 2-year projections,2018,3.599162596914862
Upper-middle income,2-year projections,Upper-middle income Kuznets 2-year projections,2019,3.5617336497133056
Upper-middle income,2-year projections,Upper-middle income Kuznets 2-year projections,2020,3.517770202829995
Upper-middle income,2-year projections,Upper-middle income Kuznets 2-year projections,2021,3.455453824595134
Upper-middle income,2-year projections,Upper-middle income Kuznets 2-year projections,2022,3.3508977098032133
Upper-middle income,2-year projections,Upper-middle income Kuznets 2-year projections,2023,NA
Upper-middle income,2-year projections,Upper-middle income Kuznets 2-year projections,2024,NA
Upper-middle income,2-year projections,Upper-middle income Kuznets 2-year projections,2025,NA
High income,3-year projections,High income Kuznets 3-year projections,2003,NA
High income,3-year projections,High income Kuznets 3-year projections,2004,NA
High income,3-year projections,High income Kuznets 3-year projections,2005,NA
High income,3-year projections,High income Kuznets 3-year projections,2006,1.6188701889932489
High income,3-year projections,High income Kuznets 3-year projections,2007,1.6100084671380799
High income,3-year projections,High income Kuznets 3-year projections,2008,1.600908244330057
High income,3-year projections,High income Kuznets 3-year projections,2009,1.5910344422922496
High income,3-year projections,High income Kuznets 3-year projections,2010,1.5705952992724814
High income,3-year projections,High income Kuznets 3-year projections,2011,1.4989977831882495
High income,3-year projections,High income Kuznets 3-year projections,2012,1.372509902909913
High income,3-year projections,High income Kuznets 3-year projections,2013,1.365809816375041
High income,3-year projections,High income Kuznets 3-year projections,2014,1.3385104839760853
High income,3-year projections,High income Kuznets 3-year projections,2015,1.29996872579059
High income,3-year projections,High income Kuznets 3-year projections,2016,1.2561202319645304
High income,3-year projections,High income Kuznets 3-year projections,2017,1.2122402253651021
High income,3-year projections,High income Kuznets 3-year projections,2018,1.1680425332149635
High income,3-year projections,High income Kuznets 3-year projections,2019,1.108003099681154
High income,3-year projections,High income Kuznets 3-year projections,2020,1.0691545768459765
High income,3-year projections,High income Kuznets 3-year projections,2021,1.0378539179104695
High income,3-year projections,High income Kuznets 3-year projections,2022,1.0130888527210224
High income,3-year projections,High income Kuznets 3-year projections,2023,0.9817266724262197
High income,3-year projections,High income Kuznets 3-year projections,2024,NA
High income,3-year projections,High income Kuznets 3-year projections,2025,NA
Low income,3-year projections,Low income Kuznets 3-year projections,2003,NA
Low income,3-year projections,Low income Kuznets 3-year projections,2004,NA
Low income,3-year projections,Low income Kuznets 3-year projections,2005,NA
Low income,3-year projections,Low income Kuznets 3-year projections,2006,3.4260451258324665
Low income,3-year projections,Low income Kuznets 3-year projections,2007,3.4541125199058595
Low income,3-year projections,Low income Kuznets 3-year projections,2008,3.5701064943578866
Low income,3-year projections,Low income Kuznets 3-year projections,2009,3.6620921225241645
Low income,3-year projections,Low income Kuznets 3-year projections,2010,3.829462731312155
Low income,3-year projections,Low income Kuznets 3-year projections,2011,3.8962730421155447
Low income,3-year projections,Low income Kuznets 3-year projections,2012,3.914515824624423
Low income,3-year projections,Low income Kuznets 3-year projections,2013,3.956564779082483
Low income,3-year projections,Low income Kuznets 3-year projections,2014,3.9542200109023486
Low income,3-year projections,Low income Kuznets 3-year projections,2015,3.9209663286682406
Low income,3-year projections,Low income Kuznets 3-year projections,2016,3.9445066065857235
Low income,3-year projections,Low income Kuznets 3-year projections,2017,3.9658992318590878
Low income,3-year projections,Low income Kuznets 3-year projections,2018,3.950231007253402
Low income,3-year projections,Low income Kuznets 3-year projections,2019,3.9297187631951394
Low income,3-year projections,Low income Kuznets 3-year projections,2020,3.915764872980554
Low income,3-year projections,Low income Kuznets 3-year projections,2021,3.890438087704956
Low income,3-year projections,Low income Kuznets 3-year projections,2022,3.8689470212745105
Low income,3-year projections,Low income Kuznets 3-year projections,2023,3.860381550586678
Low income,3-year projections,Low income Kuznets 3-year projections,2024,NA
Low income,3-year projections,Low income Kuznets 3-year projections,2025,NA
Lower-middle income,3-year projections,Lower-middle income Kuznets 3-year projections,2003,NA
Lower-middle income,3-year projections,Lower-middle income Kuznets 3-year projections,2004,NA
Lower-middle income,3-year projections,Lower-middle income Kuznets 3-year projections,2005,NA
Lower-middle income,3-year projections,Lower-middle income Kuznets 3-year projections,2006,3.825246546305916
Lower-middle income,3-year projections,Lower-middle income Kuznets 3-year projections,2007,3.930430312679234
Lower-middle income,3-year projections,Lower-middle income Kuznets 3-year projections,2008,4.0264213095356105
Lower-middle income,3-year projections,Lower-middle income Kuznets 3-year projections,2009,4.13972266274083
Lower-middle income,3-year projections,Lower-middle income Kuznets 3-year projections,2010,4.25152947281715
Lower-middle income,3-year projections,Lower-middle income Kuznets 3-year projections,2011,4.277998053528065
Lower-middle income,3-year projections,Lower-middle income Kuznets 3-year projections,2012,4.285515818611962
Lower-middle income,3-year projections,Lower-middle income Kuznets 3-year projections,2013,4.365326709178041
Lower-middle income,3-year projections,Lower-middle income Kuznets 3-year projections,2014,4.374480310263773
Lower-middle income,3-year projections,Lower-middle income Kuznets 3-year projections,2015,4.350128392613684
Lower-middle income,3-year projections,Lower-middle income Kuznets 3-year projections,2016,4.339058383707073
Lower-middle income,3-year projections,Lower-middle income Kuznets 3-year projections,2017,4.3260652516348586
Lower-middle income,3-year projections,Lower-middle income Kuznets 3-year projections,2018,4.293677026705467
Lower-middle income,3-year projections,Lower-middle income Kuznets 3-year projections,2019,4.244173524118766
Lower-middle income,3-year projections,Lower-middle income Kuznets 3-year projections,2020,4.207352120405683
Lower-middle income,3-year projections,Lower-middle income Kuznets 3-year projections,2021,4.169532124243247
Lower-middle income,3-year projections,Lower-middle income Kuznets 3-year projections,2022,4.134340176110696
Lower-middle income,3-year projections,Lower-middle income Kuznets 3-year projections,2023,4.065068457704424
Lower-middle income,3-year projections,Lower-middle income Kuznets 3-year projections,2024,NA
Lower-middle income,3-year projections,Lower-middle income Kuznets 3-year projections,2025,NA
Upper-middle income,3-year projections,Upper-middle income Kuznets 3-year projections,2003,NA
Upper-middle income,3-year projections,Upper-middle income Kuznets 3-year projections,2004,NA
Upper-middle income,3-year projections,Upper-middle income Kuznets 3-year projections,2005,NA
Upper-middle income,3-year projections,Upper-middle income Kuznets 3-year projections,2006,3.831555713889223
Upper-middle income,3-year projections,Upper-middle income Kuznets 3-year projections,2007,3.8902056714930744
Upper-middle income,3-year projections,Upper-middle income Kuznets 3-year projections,2008,3.920114097967664
Upper-middle income,3-year projections,Upper-middle income Kuznets 3-year projections,2009,3.9605730441824694
Upper-middle income,3-year projections,Upper-middle income Kuznets 3-year projections,2010,3.9833275111508915
Upper-middle income,3-year projections,Upper-middle income Kuznets 3-year projections,2011,3.938584613337337
Upper-middle income,3-year projections,Upper-middle income Kuznets 3-year projections,2012,3.8679563047219645
Upper-middle income,3-year projections,Upper-middle income Kuznets 3-year projections,2013,3.866612274388581
Upper-middle income,3-year projections,Upper-middle income Kuznets 3-year projections,2014,3.819203133764981
Upper-middle income,3-year projections,Upper-middle income Kuznets 3-year projections,2015,3.7465107984556045
Upper-middle income,3-year projections,Upper-middle income Kuznets 3-year projections,2016,3.6808890240961567
Upper-middle income,3-year projections,Upper-middle income Kuznets 3-year projections,2017,3.629340213459553
Upper-middle income,3-year projections,Upper-middle income Kuznets 3-year projections,2018,3.5843966380089576
Upper-middle income,3-year projections,Upper-middle income Kuznets 3-year projections,2019,3.549284652395146
Upper-middle income,3-year projections,Upper-middle income Kuznets 3-year projections,2020,3.5122269708889764
Upper-middle income,3-year projections,Upper-middle income Kuznets 3-year projections,2021,3.4686117437698893
Upper-middle income,3-year projections,Upper-middle income Kuznets 3-year projections,2022,3.406199712598479
Upper-middle income,3-year projections,Upper-middle income Kuznets 3-year projections,2023,3.3030923155089376
Upper-middle income,3-year projections,Upper-middle income Kuznets 3-year projections,2024,NA
Upper-middle income,3-year projections,Upper-middle income Kuznets 3-year projections,2025,NA
High income,4-year projections,High income Kuznets 4-year projections,2003,NA
High income,4-year projections,High income Kuznets 4-year projections,2004,NA
High income,4-year projections,High income Kuznets 4-year projections,2005,NA
High income,4-year projections,High income Kuznets 4-year projections,2006,NA
High income,4-year projections,High income Kuznets 4-year projections,2007,1.5773067116310546
High income,4-year projections,High income Kuznets 4-year projections,2008,1.567660185834585
High income,4-year projections,High income Kuznets 4-year projections,2009,1.5582066388894589
High income,4-year projections,High income Kuznets 4-year projections,2010,1.5475825678672894
High income,4-year projections,High income Kuznets 4-year projections,2011,1.5266625657196276
High income,4-year projections,High income Kuznets 4-year projections,2012,1.4560900734064575
High income,4-year projections,High income Kuznets 4-year projections,2013,1.3313189965346695
High income,4-year projections,High income Kuznets 4-year projections,2014,1.3239510023254741
High income,4-year projections,High income Kuznets 4-year projections,2015,1.2972129613250782
High income,4-year projections,High income Kuznets 4-year projections,2016,1.2597371351104059
High income,4-year projections,High income Kuznets 4-year projections,2017,1.2169891904592944
High income,4-year projections,High income Kuznets 4-year projections,2018,1.1742640052629039
High income,4-year projections,High income Kuznets 4-year projections,2019,1.13142895311924
High income,4-year projections,High income Kuznets 4-year projections,2020,1.0732409228803697
High income,4-year projections,High income Kuznets 4-year projections,2021,1.0356719387898394
High income,4-year projections,High income Kuznets 4-year projections,2022,1.0054595081446127
High income,4-year projections,High income Kuznets 4-year projections,2023,0.9816109767635695
High income,4-year projections,High income Kuznets 4-year projections,2024,0.9523224767226779
High income,4-year projections,High income Kuznets 4-year projections,2025,NA
Low income,4-year projections,Low income Kuznets 4-year projections,2003,NA
Low income,4-year projections,Low income Kuznets 4-year projections,2004,NA
Low income,4-year projections,Low income Kuznets 4-year projections,2005,NA
Low income,4-year projections,Low income Kuznets 4-year projections,2006,NA
Low income,4-year projections,Low income Kuznets 4-year projections,2007,3.4083913619323765
Low income,4-year projections,Low income Kuznets 4-year projections,2008,3.4351926831075215
Low income,4-year projections,Low income Kuznets 4-year projections,2009,3.5555109618693037
Low income,4-year projections,Low income Kuznets 4-year projections,2010,3.6546035278048588
Low income,4-year projections,Low income Kuznets 4-year projections,2011,3.8363328220007764
Low income,4-year projections,Low income Kuznets 4-year projections,2012,3.9059951116186706
Low income,4-year projections,Low income Kuznets 4-year projections,2013,3.9275895889183845
Low income,4-year projections,Low income Kuznets 4-year projections,2014,3.9726642457142303
Low income,4-year projections,Low income Kuznets 4-year projections,2015,3.9721678791076687
Low income,4-year projections,Low income Kuznets 4-year projections,2016,3.939846164586347
Low income,4-year projections,Low income Kuznets 4-year projections,2017,3.9644362883743236
Low income,4-year projections,Low income Kuznets 4-year projections,2018,3.986634201121053
Low income,4-year projections,Low income Kuznets 4-year projections,2019,3.9713519155819665
Low income,4-year projections,Low income Kuznets 4-year projections,2020,3.9507055975137706
Low income,4-year projections,Low income Kuznets 4-year projections,2021,3.9368754998745095
Low income,4-year projections,Low income Kuznets 4-year projections,2022,3.911550688406612
Low income,4-year projections,Low income Kuznets 4-year projections,2023,3.890191463792542
Low income,4-year projections,Low income Kuznets 4-year projections,2024,3.8761532122474742
Low income,4-year projections,Low income Kuznets 4-year projections,2025,NA
Lower-middle income,4-year projections,Lower-middle income Kuznets 4-year projections,2003,NA
Lower-middle income,4-year projections,Lower-middle income Kuznets 4-year projections,2004,NA
Lower-middle income,4-year projections,Lower-middle income Kuznets 4-year projections,2005,NA
Lower-middle income,4-year projections,Lower-middle income Kuznets 4-year projections,2006,NA
Lower-middle income,4-year projections,Lower-middle income Kuznets 4-year projections,2007,3.8405259060198205
Lower-middle income,4-year projections,Lower-middle income Kuznets 4-year projections,2008,3.9439763877481715
Lower-middle income,4-year projections,Lower-middle income Kuznets 4-year projections,2009,4.0371515069441255
Lower-middle income,4-year projections,Lower-middle income Kuznets 4-year projections,2010,4.147575495553868
Lower-middle income,4-year projections,Lower-middle income Kuznets 4-year projections,2011,4.255591411940141
Lower-middle income,4-year projections,Lower-middle income Kuznets 4-year projections,2012,4.279209436344478
Lower-middle income,4-year projections,Lower-middle income Kuznets 4-year projections,2013,4.2823408262600005
Lower-middle income,4-year projections,Lower-middle income Kuznets 4-year projections,2014,4.3593296525541
Lower-middle income,4-year projections,Lower-middle income Kuznets 4-year projections,2015,4.366558918036256
Lower-middle income,4-year projections,Lower-middle income Kuznets 4-year projections,2016,4.341140918477793
Lower-middle income,4-year projections,Lower-middle income Kuznets 4-year projections,2017,4.327902363026337
Lower-middle income,4-year projections,Lower-middle income Kuznets 4-year projections,2018,4.312525877039897
Lower-middle income,4-year projections,Lower-middle income Kuznets 4-year projections,2019,4.2782599212399575
Lower-middle income,4-year projections,Lower-middle income Kuznets 4-year projections,2020,4.226483482700849
Lower-middle income,4-year projections,Lower-middle income Kuznets 4-year projections,2021,4.187989683945648
Lower-middle income,4-year projections,Lower-middle income Kuznets 4-year projections,2022,4.149002407335001
Lower-middle income,4-year projections,Lower-middle income Kuznets 4-year projections,2023,4.113272891777275
Lower-middle income,4-year projections,Lower-middle income Kuznets 4-year projections,2024,4.0444315887096405
Lower-middle income,4-year projections,Lower-middle income Kuznets 4-year projections,2025,NA
Upper-middle income,4-year projections,Upper-middle income Kuznets 4-year projections,2003,NA
Upper-middle income,4-year projections,Upper-middle income Kuznets 4-year projections,2004,NA
Upper-middle income,4-year projections,Upper-middle income Kuznets 4-year projections,2005,NA
Upper-middle income,4-year projections,Upper-middle income Kuznets 4-year projections,2006,NA
Upper-middle income,4-year projections,Upper-middle income Kuznets 4-year projections,2007,3.815553691052198
Upper-middle income,4-year projections,Upper-middle income Kuznets 4-year projections,2008,3.8697368072952543
Upper-middle income,4-year projections,Upper-middle income Kuznets 4-year projections,2009,3.895138246727514
Upper-middle income,4-year projections,Upper-middle income Kuznets 4-year projections,2010,3.9303486826983924
Upper-middle income,4-year projections,Upper-middle income Kuznets 4-year projections,2011,3.9477635032655556
Upper-middle income,4-year projections,Upper-middle income Kuznets 4-year projections,2012,3.89974438538756
Upper-middle income,4-year projections,Upper-middle income Kuznets 4-year projections,2013,3.8249321847135143
Upper-middle income,4-year projections,Upper-middle income Kuznets 4-year projections,2014,3.818705222608143
Upper-middle income,4-year projections,Upper-middle income Kuznets 4-year projections,2015,3.7698092960463114
Upper-middle income,4-year projections,Upper-middle income Kuznets 4-year projections,2016,3.6964081516506653
Upper-middle income,4-year projections,Upper-middle income Kuznets 4-year projections,2017,3.629688831852329
Upper-middle income,4-year projections,Upper-middle income Kuznets 4-year projections,2018,3.5774582222929396
Upper-middle income,4-year projections,Upper-middle income Kuznets 4-year projections,2019,3.532732507288472
Upper-middle income,4-year projections,Upper-middle income Kuznets 4-year projections,2020,3.498112360913952
Upper-middle income,4-year projections,Upper-middle income Kuznets 4-year projections,2021,3.4614762540681188
Upper-middle income,4-year projections,Upper-middle income Kuznets 4-year projections,2022,3.4182653444953637
Upper-middle income,4-year projections,Upper-middle income Kuznets 4-year projections,2023,3.355847126885081
Upper-middle income,4-year projections,Upper-middle income Kuznets 4-year projections,2024,3.254344657976871
Upper-middle income,4-year projections,Upper-middle income Kuznets 4-year projections,2025,NA
High income,5-year projections,High income Kuznets 5-year projections,2003,NA
High income,5-year projections,High income Kuznets 5-year projections,2004,NA
High income,5-year projections,High income Kuznets 5-year projections,2005,NA
High income,5-year projections,High income Kuznets 5-year projections,2006,NA
High income,5-year projections,High income Kuznets 5-year projections,2007,NA
High income,5-year projections,High income Kuznets 5-year projections,2008,1.536413107298662
High income,5-year projections,High income Kuznets 5-year projections,2009,1.52603079386755
High income,5-year projections,High income Kuznets 5-year projections,2010,1.51625502954702
High income,5-year projections,High income Kuznets 5-year projections,2011,1.504931326791814
High income,5-year projections,High income Kuznets 5-year projections,2012,1.4835806672863772
High income,5-year projections,High income Kuznets 5-year projections,2013,1.4140623610682024
High income,5-year projections,High income Kuznets 5-year projections,2014,1.2909969832794133
High income,5-year projections,High income Kuznets 5-year projections,2015,1.2830742585745014
High income,5-year projections,High income Kuznets 5-year projections,2016,1.2569010683534554
High income,5-year projections,High income Kuznets 5-year projections,2017,1.2204786387764788
High income,5-year projections,High income Kuznets 5-year projections,2018,1.1788233834385764
High income,5-year projections,High income Kuznets 5-year projections,2019,1.1372417890764819
High income,5-year projections,High income Kuznets 5-year projections,2020,1.0957456957756406
High income,5-year projections,High income Kuznets 5-year projections,2021,1.039374883811428
High income,5-year projections,High income Kuznets 5-year projections,2022,1.0030584991313152
High income,5-year projections,High income Kuznets 5-year projections,2023,0.9739087184498452
High income,5-year projections,High income Kuznets 5-year projections,2024,0.9509528981968884
High income,5-year projections,High income Kuznets 5-year projections,2025,0.9233212496485343
Low income,5-year projections,Low income Kuznets 5-year projections,2003,NA
Low income,5-year projections,Low income Kuznets 5-year projections,2004,NA
Low income,5-year projections,Low income Kuznets 5-year projections,2005,NA
Low income,5-year projections,Low income Kuznets 5-year projections,2006,NA
Low income,5-year projections,Low income Kuznets 5-year projections,2007,NA
Low income,5-year projections,Low income Kuznets 5-year projections,2008,3.3898910650418466
Low income,5-year projections,Low income Kuznets 5-year projections,2009,3.421916551556778
Low income,5-year projections,Low income Kuznets 5-year projections,2010,3.546916348312074
Low income,5-year projections,Low income Kuznets 5-year projections,2011,3.6554907652521615
Low income,5-year projections,Low income Kuznets 5-year projections,2012,3.8460560831936883
Low income,5-year projections,Low income Kuznets 5-year projections,2013,3.917236375291516
Low income,5-year projections,Low income Kuznets 5-year projections,2014,3.941954712145729
Low income,5-year projections,Low income Kuznets 5-year projections,2015,3.989923808537471
Low income,5-year projections,Low income Kuznets 5-year projections,2016,3.9911494845044193
Low income,5-year projections,Low income Kuznets 5-year projections,2017,3.95968850728482
Low income,5-year projections,Low income Kuznets 5-year projections,2018,3.9851782927503185
Low income,5-year projections,Low income Kuznets 5-year projections,2019,4.008044429166207
Low income,5-year projections,Low income Kuznets 5-year projections,2020,3.9930681219623674
Low income,5-year projections,Low income Kuznets 5-year projections,2021,3.972220265907511
Low income,5-year projections,Low income Kuznets 5-year projections,2022,3.9584451133747867
Low income,5-year projections,Low income Kuznets 5-year projections,2023,3.933092505277236
Low income,5-year projections,Low income Kuznets 5-year projections,2024,3.9118062422996647
Low income,5-year projections,Low income Kuznets 5-year projections,2025,3.892414832550406
Lower-middle income,5-year projections,Lower-middle income Kuznets 5-year projections,2003,NA
Lower-middle income,5-year projections,Lower-middle income Kuznets 5-year projections,2004,NA
Lower-middle income,5-year projections,Lower-middle income Kuznets 5-year projections,2005,NA
Lower-middle income,5-year projections,Lower-middle income Kuznets 5-year projections,2006,NA
Lower-middle income,5-year projections,Lower-middle income Kuznets 5-year projections,2007,NA
Lower-middle income,5-year projections,Lower-middle income Kuznets 5-year projections,2008,3.854532503746677
Lower-middle income,5-year projections,Lower-middle income Kuznets 5-year projections,2009,3.9560969043714422
Lower-middle income,5-year projections,Lower-middle income Kuznets 5-year projections,2010,4.046336483612567
Lower-middle income,5-year projections,Lower-middle income Kuznets 5-year projections,2011,4.153721997789694
Lower-middle income,5-year projections,Lower-middle income Kuznets 5-year projections,2012,4.257787044813388
Lower-middle income,5-year projections,Lower-middle income Kuznets 5-year projections,2013,4.278431205761879
Lower-middle income,5-year projections,Lower-middle income Kuznets 5-year projections,2014,4.276976383662734
Lower-middle income,5-year projections,Lower-middle income Kuznets 5-year projections,2015,4.350996340242386
Lower-middle income,5-year projections,Lower-middle income Kuznets 5-year projections,2016,4.35625267891766
Lower-middle income,5-year projections,Lower-middle income Kuznets 5-year projections,2017,4.329766483123221
Lower-middle income,5-year projections,Lower-middle income Kuznets 5-year projections,2018,4.314343708986179
Lower-middle income,5-year projections,Lower-middle income Kuznets 5-year projections,2019,4.296580395520433
Lower-middle income,5-year projections,Lower-middle income Kuznets 5-year projections,2020,4.260470815130102
Lower-middle income,5-year projections,Lower-middle income Kuznets 5-year projections,2021,4.206483912256531
Lower-middle income,5-year projections,Lower-middle income Kuznets 5-year projections,2022,4.1663714300010035
Lower-middle income,5-year projections,Lower-middle income Kuznets 5-year projections,2023,4.126270748544347
Lower-middle income,5-year projections,Lower-middle income Kuznets 5-year projections,2024,4.090054212790939
Lower-middle income,5-year projections,Lower-middle income Kuznets 5-year projections,2025,4.021884329920655
Upper-middle income,5-year projections,Upper-middle income Kuznets 5-year projections,2003,NA
Upper-middle income,5-year projections,Upper-middle income Kuznets 5-year projections,2004,NA
Upper-middle income,5-year projections,Upper-middle income Kuznets 5-year projections,2005,NA
Upper-middle income,5-year projections,Upper-middle income Kuznets 5-year projections,2006,NA
Upper-middle income,5-year projections,Upper-middle income Kuznets 5-year projections,2007,NA
Upper-middle income,5-year projections,Upper-middle income Kuznets 5-year projections,2008,3.797689254305636
Upper-middle income,5-year projections,Upper-middle income Kuznets 5-year projections,2009,3.847360783594489
Upper-middle income,5-year projections,Upper-middle income Kuznets 5-year projections,2010,3.868272615232371
Upper-middle income,5-year projections,Upper-middle income Kuznets 5-year projections,2011,3.898237885225475
Upper-middle income,5-year projections,Upper-middle income Kuznets 5-year projections,2012,3.910348627648297
Upper-middle income,5-year projections,Upper-middle income Kuznets 5-year projections,2013,3.85911245493622
Upper-middle income,5-year projections,Upper-middle income Kuznets 5-year projections,2014,3.780177738338697
Upper-middle income,5-year projections,Upper-middle income Kuznets 5-year projections,2015,3.769151206831678
Upper-middle income,5-year projections,Upper-middle income Kuznets 5-year projections,2016,3.718843512505021
Upper-middle income,5-year projections,Upper-middle income Kuznets 5-year projections,2017,3.644826550541591
Upper-middle income,5-year projections,Upper-middle income Kuznets 5-year projections,2018,3.577107723025197
Upper-middle income,5-year projections,Upper-middle income Kuznets 5-year projections,2019,3.524273758340435
Upper-middle income,5-year projections,Upper-middle income Kuznets 5-year projections,2020,3.47982346871869
Upper-middle income,5-year projections,Upper-middle income Kuznets 5-year projections,2021,3.4457419621288565
Upper-middle income,5-year projections,Upper-middle income Kuznets 5-year projections,2022,3.4095755256909666
Upper-middle income,5-year projections,Upper-middle income Kuznets 5-year projections,2023,3.3668228463407335
Upper-middle income,5-year projections,Upper-middle income Kuznets 5-year projections,2024,3.3044858827179446
Upper-middle income,5-year projections,Upper-middle income Kuznets 5-year projections,2025,3.2047339574679867
High income,Observations,High income Observations,1960,NA
High income,Observations,High income Observations,1961,3.126537509162519
High income,Observations,High income Observations,1962,4.16470024798703
High income,Observations,High income Observations,1963,3.6923655846757164
High income,Observations,High income Observations,1964,4.948422832994037
High income,Observations,High income Observations,1965,4.087359413963787
High income,Observations,High income Observations,1966,4.514147892749065
High income,Observations,High income Observations,1967,2.7961604189160827
High income,Observations,High income Observations,1968,4.787601123137941
High income,Observations,High income Observations,1969,4.275501520059555
High income,Observations,High income Observations,1970,2.478564449416787
High income,Observations,High income Observations,1971,2.6148564001855057
High income,Observations,High income Observations,1972,4.235856468276777
High income,Observations,High income Observations,1973,5.007317567792313
High income,Observations,High income Observations,1974,0.28202161650532354
High income,Observations,High income Observations,1975,-0.4989867985433438
High income,Observations,High income Observations,1976,3.8498482456530425
High income,Observations,High income Observations,1977,2.9804006221113344
High income,Observations,High income Observations,1978,3.5581147606718044
High income,Observations,High income Observations,1979,3.0141380268564166
High income,Observations,High income Observations,1980,0.3607871908523741
High income,Observations,High income Observations,1981,0.8938833335949692
High income,Observations,High income Observations,1982,-0.7393024614071653
High income,Observations,High income Observations,1983,1.9999957950433966
High income,Observations,High income Observations,1984,3.9184563137419914
High income,Observations,High income Observations,1985,2.6032816482136845
High income,Observations,High income Observations,1986,2.443946972517086
High income,Observations,High income Observations,1987,2.888314491484767
High income,Observations,High income Observations,1988,3.7714240569602264
High income,Observations,High income Observations,1989,2.802455849512242
High income,Observations,High income Observations,1990,1.2218521295911167
High income,Observations,High income Observations,1991,0.5689439753021386
High income,Observations,High income Observations,1992,1.732613713726039
High income,Observations,High income Observations,1993,1.1319333679839616
High income,Observations,High income Observations,1994,2.8902740676193694
High income,Observations,High income Observations,1995,2.5618816254040944
High income,Observations,High income Observations,1996,2.7099042203033274
High income,Observations,High income Observations,1997,3.0940796307247442
High income,Observations,High income Observations,1998,2.413260106677395
High income,Observations,High income Observations,1999,3.1110673874222616
High income,Observations,High income Observations,2000,3.7492090139486844
High income,Observations,High income Observations,2001,1.2270554709032933
High income,Observations,High income Observations,2002,1.2962065464760641
High income,Observations,High income Observations,2003,1.9331627487642944
High income,Observations,High income Observations,2004,3.0395104559270525
High income,Observations,High income Observations,2005,2.487670360657024
High income,Observations,High income Observations,2006,2.716626068116046
High income,Observations,High income Observations,2007,2.2801266756186767
High income,Observations,High income Observations,2008,0.1596515027172174
High income,Observations,High income Observations,2009,-3.435468573952871
High income,Observations,High income Observations,2010,2.8396334298766757
High income,Observations,High income Observations,2011,2.0290460076479278
High income,Observations,High income Observations,2012,0.8526729779117392
High income,Observations,High income Observations,2013,0.8301676582282536
High income,Observations,High income Observations,2014,1.3730603162225297
High income,Observations,High income Observations,2015,1.5854653151381903
High income,Observations,High income Observations,2016,0.8373419284703587
High income,Observations,High income Observations,2017,1.8490068871193088
High income,Observations,High income Observations,2018,1.7789275333970789
High income,Observations,High income Observations,2019,1.2001546977453703
High income,Observations,High income Observations,2020,-3.1033493321284578
Low income,Observations,Low income Observations,1960,NA
Low income,Observations,Low income Observations,1961,-1.8916857147820254
Low income,Observations,Low income Observations,1962,4.327869154009965
Low income,Observations,Low income Observations,1963,0.4802972290314764
Low income,Observations,Low income Observations,1964,-0.05427949555480843
Low income,Observations,Low income Observations,1965,1.440234569741253
Low income,Observations,Low income Observations,1966,1.5034585675633003
Low income,Observations,Low income Observations,1967,0.7115688955580415
Low income,Observations,Low income Observations,1968,2.021079892375578
Low income,Observations,Low income Observations,1969,3.646069448380292
Low income,Observations,Low income Observations,1970,0.6255864200332861
Low income,Observations,Low income Observations,1971,2.02337037974111
Low income,Observations,Low income Observations,1972,-2.211242136907776
Low income,Observations,Low income Observations,1973,-0.961276443053119
Low income,Observations,Low income Observations,1974,-0.8977052361985802
Low income,Observations,Low income Observations,1975,-3.298275177615506
Low income,Observations,Low income Observations,1976,-0.1750910140388265
Low income,Observations,Low income Observations,1977,0.6120742611921206
Low income,Observations,Low income Observations,1978,-1.495264701152478
Low income,Observations,Low income Observations,1979,-1.162975336238619
Low income,Observations,Low income Observations,1980,-1.3824306573986562
Low income,Observations,Low income Observations,1981,-1.1215951754040756
Low income,Observations,Low income Observations,1982,-0.3675546455851903
Low income,Observations,Low income Observations,1983,-1.1742169695712534
Low income,Observations,Low income Observations,1984,-3.861104455891994
Low income,Observations,Low income Observations,1985,-3.296296240408256
Low income,Observations,Low income Observations,1986,1.4802354742458403
Low income,Observations,Low income Observations,1987,-0.03536536697688261
Low income,Observations,Low income Observations,1988,-0.165721339259374
Low income,Observations,Low income Observations,1989,-0.37395099341888116
Low income,Observations,Low income Observations,1990,-4.647927962955556
Low income,Observations,Low income Observations,1991,-4.6621837055614925
Low income,Observations,Low income Observations,1992,-6.658520415159053
Low income,Observations,Low income Observations,1993,-4.433682611030193
Low income,Observations,Low income Observations,1994,-2.8047159876125605
Low income,Observations,Low income Observations,1995,2.7096610647829977
Low income,Observations,Low income Observations,1996,2.3086061240326474
Low income,Observations,Low income Observations,1997,2.006824276256494
Low income,Observations,Low income Observations,1998,0.4338919425501825
Low income,Observations,Low income Observations,1999,-0.008471586474478876
Low income,Observations,Low income Observations,2000,-0.30234200616165163
Low income,Observations,Low income Observations,2001,3.07306186612431
Low income,Observations,Low income Observations,2002,3.6781630261351532
Low income,Observations,Low income Observations,2003,2.0013439377704016
Low income,Observations,Low income Observations,2004,2.336618268300224
Low income,Observations,Low income Observations,2005,4.884904341969023
Low income,Observations,Low income Observations,2006,4.536190384768866
Low income,Observations,Low income Observations,2007,6.190238329280037
Low income,Observations,Low income Observations,2008,4.547187821213905
Low income,Observations,Low income Observations,2009,3.019297257237874
Low income,Observations,Low income Observations,2010,3.672194660599443
Low income,Observations,Low income Observations,2011,2.665970191549544
Low income,Observations,Low income Observations,2012,0.7606235537786193
Low income,Observations,Low income Observations,2013,3.901250778391105
Low income,Observations,Low income Observations,2014,3.7526898021490007
Low income,Observations,Low income Observations,2015,1.8715118015045773
Low income,Observations,Low income Observations,2016,1.4021534146751835
Low income,Observations,Low income Observations,2017,1.970015337998443
Low income,Observations,Low income Observations,2018,0.8679734097518821
Low income,Observations,Low income Observations,2019,1.679180812559422
Low income,Observations,Low income Observations,2020,-1.5306751277281205
Lower-middle income,Observations,Lower-middle income Observations,1960,NA
Lower-middle income,Observations,Lower-middle income Observations,1961,1.4599516537183805
Lower-middle income,Observations,Lower-middle income Observations,1962,0.29912856821525113
Lower-middle income,Observations,Lower-middle income Observations,1963,2.7703464875689394
Lower-middle income,Observations,Lower-middle income Observations,1964,3.5481928481377767
Lower-middle income,Observations,Lower-middle income Observations,1965,-1.177407793287777
Lower-middle income,Observations,Lower-middle income Observations,1966,-0.323709848219636
Lower-middle income,Observations,Lower-middle income Observations,1967,1.411019353895679
Lower-middle income,Observations,Lower-middle income Observations,1968,2.610173994722087
Lower-middle income,Observations,Lower-middle income Observations,1969,5.188027278377433
Lower-middle income,Observations,Lower-middle income Observations,1970,4.863547283161262
Lower-middle income,Observations,Lower-middle income Observations,1971,1.029920641014559
Lower-middle income,Observations,Lower-middle income Observations,1972,1.8943486009117827
Lower-middle income,Observations,Lower-middle income Observations,1973,4.006770601612492
Lower-middle income,Observations,Lower-middle income Observations,1974,1.7353444759159842
Lower-middle income,Observations,Lower-middle income Observations,1975,1.8045034530307813
Lower-middle income,Observations,Lower-middle income Observations,1976,4.344218785529791
Lower-middle income,Observations,Lower-middle income Observations,1977,2.929460675518192
Lower-middle income,Observations,Lower-middle income Observations,1978,0.35151621603499716
Lower-middle income,Observations,Lower-middle income Observations,1979,-2.647759870466626
Lower-middle income,Observations,Lower-middle income Observations,1980,1.6429995665456443
Lower-middle income,Observations,Lower-middle income Observations,1981,1.405939072687623
Lower-middle income,Observations,Lower-middle income Observations,1982,1.1532106322978852
Lower-middle income,Observations,Lower-middle income Observations,1983,3.0582815703519173
Lower-middle income,Observations,Lower-middle income Observations,1984,0.9333522584906606
Lower-middle income,Observations,Lower-middle income Observations,1985,1.2205627045759782
Lower-middle income,Observations,Lower-middle income Observations,1986,0.4540264292197338
Lower-middle income,Observations,Lower-middle income Observations,1987,0.7592555271651369
Lower-middle income,Observations,Lower-middle income Observations,1988,3.6085644535484462
Lower-middle income,Observations,Lower-middle income Observations,1989,3.2421586925029056
Lower-middle income,Observations,Lower-middle income Observations,1990,2.980753774237088
Lower-middle income,Observations,Lower-middle income Observations,1991,2.279886100645667
Lower-middle income,Observations,Lower-middle income Observations,1992,3.079780533190324
Lower-middle income,Observations,Lower-middle income Observations,1993,2.505687306539961
Lower-middle income,Observations,Lower-middle income Observations,1994,3.384605997012702
Lower-middle income,Observations,Lower-middle income Observations,1995,4.175698078452273
Lower-middle income,Observations,Lower-middle income Observations,1996,5.238141548078357
Lower-middle income,Observations,Lower-middle income Observations,1997,2.6365253286713575
Lower-middle income,Observations,Lower-middle income Observations,1998,0.2156652611208565
Lower-middle income,Observations,Lower-middle income Observations,1999,2.627365092224998
Lower-middle income,Observations,Lower-middle income Observations,2000,2.909918795857336
Lower-middle income,Observations,Lower-middle income Observations,2001,3.1913844289044757
Lower-middle income,Observations,Lower-middle income Observations,2002,3.2330776917089077
Lower-middle income,Observations,Lower-middle income Observations,2003,5.331483322389174
Lower-middle income,Observations,Lower-middle income Observations,2004,5.510016039978116
Lower-middle income,Observations,Lower-middle income Observations,2005,5.326749277006448
Lower-middle income,Observations,Lower-middle income Observations,2006,5.892379593341479
Lower-middle income,Observations,Lower-middle income Observations,2007,6.092930861875612
Lower-middle income,Observations,Lower-middle income Observations,2008,4.247147172752852
Lower-middle income,Observations,Lower-middle income Observations,2009,4.500287570839401
Lower-middle income,Observations,Lower-middle income Observations,2010,5.59447917691982
Lower-middle income,Observations,Lower-middle income Observations,2011,4.233967391517268
Lower-middle income,Observations,Lower-middle income Observations,2012,2.4876562045639483
Lower-middle income,Observations,Lower-middle income Observations,2013,3.4146592742746673
Lower-middle income,Observations,Lower-middle income Observations,2014,4.0741035848879115
Lower-middle income,Observations,Lower-middle income Observations,2015,3.8823500914407783
Lower-middle income,Observations,Lower-middle income Observations,2016,3.817988936387673
Lower-middle income,Observations,Lower-middle income Observations,2017,3.951853818239859
Lower-middle income,Observations,Lower-middle income Observations,2018,3.49396882256936
Lower-middle income,Observations,Lower-middle income Observations,2019,2.1314517037442915
Lower-middle income,Observations,Lower-middle income Observations,2020,-5.6396796164671414
Upper-middle income,Observations,Upper-middle income Observations,1960,NA
Upper-middle income,Observations,Upper-middle income Observations,1961,-1.4534619852176633
Upper-middle income,Observations,Upper-middle income Observations,1962,4.109239072494885
Upper-middle income,Observations,Upper-middle income Observations,1963,4.231284568559735
Upper-middle income,Observations,Upper-middle income Observations,1964,6.439224096011631
Upper-middle income,Observations,Upper-middle income Observations,1965,4.64238000970274
Upper-middle income,Observations,Upper-middle income Observations,1966,3.2468453764827987
Upper-middle income,Observations,Upper-middle income Observations,1967,1.5536972771404978
Upper-middle income,Observations,Upper-middle income Observations,1968,1.8008837250744314
Upper-middle income,Observations,Upper-middle income Observations,1969,3.937047013297157
Upper-middle income,Observations,Upper-middle income Observations,1970,6.155532856431001
Upper-middle income,Observations,Upper-middle income Observations,1971,3.354735772618178
Upper-middle income,Observations,Upper-middle income Observations,1972,2.090466041712702
Upper-middle income,Observations,Upper-middle income Observations,1973,5.876830439206082
Upper-middle income,Observations,Upper-middle income Observations,1974,2.540723618308749
Upper-middle income,Observations,Upper-middle income Observations,1975,2.8301651006585216
Upper-middle income,Observations,Upper-middle income Observations,1976,1.3123103906680367
Upper-middle income,Observations,Upper-middle income Observations,1977,2.724520259892804
Upper-middle income,Observations,Upper-middle income Observations,1978,4.126657598020977
Upper-middle income,Observations,Upper-middle income Observations,1979,3.939606081914704
Upper-middle income,Observations,Upper-middle income Observations,1980,3.2025935276832618
Upper-middle income,Observations,Upper-middle income Observations,1981,-0.16287554076386268
Upper-middle income,Observations,Upper-middle income Observations,1982,1.546531029565834
Upper-middle income,Observations,Upper-middle income Observations,1983,0.12404639175331855
Upper-middle income,Observations,Upper-middle income Observations,1984,3.8015234621187055
Upper-middle income,Observations,Upper-middle income Observations,1985,2.6203746221398427
Upper-middle income,Observations,Upper-middle income Observations,1986,2.6947252186096504
Upper-middle income,Observations,Upper-middle income Observations,1987,2.6820198735147516
Upper-middle income,Observations,Upper-middle income Observations,1988,1.0753984674714223
Upper-middle income,Observations,Upper-middle income Observations,1989,-0.22965321536312366
Upper-middle income,Observations,Upper-middle income Observations,1990,-1.3001340241064696
Upper-middle income,Observations,Upper-middle income Observations,1991,0.5780432704907801
Upper-middle income,Observations,Upper-middle income Observations,1992,0.793135152595803
Upper-middle income,Observations,Upper-middle income Observations,1993,3.923730398208747
Upper-middle income,Observations,Upper-middle income Observations,1994,2.849658040829728
Upper-middle income,Observations,Upper-middle income Observations,1995,3.7001596351489363
Upper-middle income,Observations,Upper-middle income Observations,1996,3.995793648405277
Upper-middle income,Observations,Upper-middle income Observations,1997,3.1213737245500583
Upper-middle income,Observations,Upper-middle income Observations,1998,0.02635935282728763
Upper-middle income,Observations,Upper-middle income Observations,1999,2.479466697741639
Upper-middle income,Observations,Upper-middle income Observations,2000,5.725612320505991
Upper-middle income,Observations,Upper-middle income Observations,2001,3.2049753744602727
Upper-middle income,Observations,Upper-middle income Observations,2002,4.937046891035579
Upper-middle income,Observations,Upper-middle income Observations,2003,4.9010831404889155
Upper-middle income,Observations,Upper-middle income Observations,2004,7.083146610287772
Upper-middle income,Observations,Upper-middle income Observations,2005,6.936734254644694
Upper-middle income,Observations,Upper-middle income Observations,2006,7.718545368956553
Upper-middle income,Observations,Upper-middle income Observations,2007,7.360878456933362
Upper-middle income,Observations,Upper-middle income Observations,2008,4.2240725448433825
Upper-middle income,Observations,Upper-middle income Observations,2009,1.405000642363241
Upper-middle income,Observations,Upper-middle income Observations,2010,8.141443490621247
Upper-middle income,Observations,Upper-middle income Observations,2011,4.898252279818438
Upper-middle income,Observations,Upper-middle income Observations,2012,3.7531378310351915
Upper-middle income,Observations,Upper-middle income Observations,2013,3.56751564659481
Upper-middle income,Observations,Upper-middle income Observations,2014,2.954630824807003
Upper-middle income,Observations,Upper-middle income Observations,2015,1.8660897363004914
Upper-middle income,Observations,Upper-middle income Observations,2016,-0.15540252154631062
Upper-middle income,Observations,Upper-middle income Observations,2017,1.6494209000249338
Upper-middle income,Observations,Upper-middle income Observations,2018,2.1960526601461527
Upper-middle income,Observations,Upper-middle income Observations,2019,3.210679351900758
Upper-middle income,Observations,Upper-middle income Observations,2020,-1.5959587971159817
